yy,mm,dd,3537,252,253,264,265,266,301,267,268,269,270,3542,794,792,1653,793,798,796,797,795,799,1652,636,1092,1090,1482,1480,1683,1520,1682,1519,1522,750,813,1079,4510,738,748,2000,2001,2002,3543,2005,2011,468,775,1176,2842,3552,1680,3549,3551,4066,4028,4072,453,4335,4830,1516,4847,4848,4849,4850,4851,4852,4853,811,4854,4855,4953,4955,4959,4952,4963,457,4957,4960,3545,4954,4958,4973,4956,5122,5216,742,4961,3539
2020,1,1,0,0,0,0,0,0,0,0,0,0,0,0,0,0,0.2,0,0,0,0,0,0,0,0,0,0,0,0,0,0,0,0,0,0,0,0.2,0,0,0,0,0,0,0,0,0,0,0,NA,0,0,0,0,0,0,0,0,0,0,0,0,0,0,0,0,0,0,0,0,0,0,0,0,0,0,0,0,0,0,0,0,0,0,0,0,0,0,0,0
2020,1,2,0,0.2,0.2,0,0,0,0,0,0,0.2,0,0,0,0,0,0,0,0,0,0,0,0,0,0,0,0,0,0,0.2,0,0,0,0.2,0.2,0.2,0,0,0,0,0,0,0,0,0,0.2,0,NA,0,0,0,0,0,0,0,0.2,0.2,0,0.2,0.2,0,0,0.2,0,0,0,0,0,0,0,0,0,0,0,0,0.2,0,0,0,0,0,0,0,0,0.2,0.2,0,0
2020,1,3,0,0,0,0,0,0,0,0,0,0,0,0,0,0,0,0,0,0,0,0,0,0.2,0,0,0,0,0,0,0,0,0,0,0,0,0,0,0,0,0,0,0,0,0,0,0,0,NA,0,0,0,0,0,0,0,0,0,0,0,0,0,0,0,0,0,0,0,0,0,0,0,0,0,0,0,0.2,0,0,0,0,0,0,0,0,0,0,0,0
2020,1,4,0,0,0,0.2,0,0,0.4,0,0,0,0,0,0.2,0,0,0,0,0,0,0,0,0,0,0.4,0,0,0.4,1,0,0,0,0,0,0,0,0.6,0,0,0,0.2,0,0,0,0,0,0,NA,0,0,0,0,0.4,0,0,0,0,0,0.2,0.2,0,0.4,0,0.2,0,0.2,0,0,0,0,0.4,0,0,0.4,0.2,0,0,0.4,0,0.6,0,0,0,0,0,0,0,0.2
2020,1,5,0,0,0.2,0.2,0.2,0.2,0.4,0.2,0,0.2,0.2,0,0,0,0.2,0,0,0,0.2,0,0.2,0,0,0,0,0.2,0.2,0,0.2,0,0,0.2,0,0,0,0,0,0.2,0,0.2,0.2,0.2,0,0.4,0,0,NA,0,0.2,0.2,0,0.2,0,0,0,0.2,0,0,0,0,0.2,0.2,0.2,0,0,0.2,0.2,0,0.2,0.4,0,0.2,0.2,0,0,0,0.2,0.2,0.2,0.2,0.2,0,0.2,0,0.2,0.2,0.2
2020,1,6,0,0,0,0,0,0,0,0,0,0,0,0,0,0,0.2,0,0,0,0,0,0,0,0,0,0,0,0,0,0,0,0,0,0,0,0.2,0,0,0,0,0,0,0,0,0,0,0,NA,0,0,0,0,0,0,0,0.2,0,0,0.2,0,0,0,0,0,0,0,0,0,0,0,0,0,0,0,0,0,0,0,0,0,0,0,0,0,0.2,0,0,0
2020,1,7,0,0.2,0,0,0,0.2,0,0,0,0,0,0,0,0,0,0,0,0,0,0,0,0,0,0,0,0,0,0,0,0,0,0,0,0,0.2,0,0,0,0,0,0,0,0,0,0,0,NA,0,0,0,0,0,0,0,0,0,0,0,0,0,0,0,0,0,0,0,0,0,0,0,0,0,0,0,0,0,0,0,0,0,0,0,0,0,0,0,0
2020,1,8,0,0,0,0,0,0,0,0,0,0,0,0,0,0,0,0,0,0,0,0,0,0,0,0,0,0,0,0,0,0,0,0,0,0.2,0,0,0,0,0,0,0,0,0,0,0.2,0,NA,0,0,0,0,0,0,0,0,0,0,0,0,0,0,0,0,0,0,0,0,0,0,0,0,0,0,0,0,0,0,0,0,0,0,0,0,0,0,0,0
2020,1,9,0,0,0.2,0,0,0,0,0,0,0,0,0,0,0,0,0,0,0,0,0.2,0,0,0,0,0,0,0,0,0,0.2,0,0,0,0,0.2,0,0,0,0,0.2,0,0,0,0,0,0,0,0,0,0,0,0,0,0,0,0,0,0.2,0.2,0,0.2,0.2,0,0,0,0,0,0,0,0,0,0,0,0,0,0,0.2,0,0,0,0,0,0,0.2,0.2,0,0
2020,1,10,0,0.2,0,0,0,0,0,0,0,0.2,0,0,0,0,0.2,0.2,0,0,0,0,0,0.2,0,0,0,0,0,0,0,0,0,0.2,0,0,0.2,0,0,0,0,0,0,0,0,0,0,0,0,0,0,0,0,0,0,0,0,0,0,0,0,0,0,0,0.2,0,0,0,0,0,0,0,0,0,0,0.2,0.2,0,0,0,0,0,0,0,0,0,0,0,0
2020,1,11,0,0,0,0,0,0,0,0,0,0,0,0,0,0,0,0.2,0,0,0,0,0,0,0,0,0,0,0.2,0.2,0.2,0.2,0,0,0,0.2,0,0,0,0,0,0,0,0.2,0,0,0.2,0,0,0,0.2,0,0,0,0,0,0.2,0.2,0,0,0,0,0.2,0,0.2,0,0,0.2,0.2,0.2,0,0,0,0,0,0,0,0,0,0,0,0,0,0,0,0.2,0,0.2,0
2020,1,12,0,0,0.2,0,0.2,0,0,0,0,0,0,0,0,0,0,0,0,0,0,0.2,0,0.2,0,0,0,0,0,0,0,0,0.2,0.2,0,0,0.2,0,0,0,0,0,0,0,0,0.2,0.2,0,0,0,0,0,0,0,0,0.2,0,0,0,0.2,0,0,0.2,0.2,0,0,0,0,0,0,0,0,0,0,0,0,0,0,0,0,0,0,0.2,0,0,0,0,0,0
2020,1,13,0,0.2,0.2,0,0,0.2,0,0,0,0.2,0,0,0,0,0.2,0,0,0,0.2,0,0,0,0,0,0,0,0.2,0,0,0,0,0,0,0.2,0.2,0,0,0,0,0.2,0,0,0,0.2,0,0,0,0,0,0,0,0,0,0,0.2,0,0,0,0,0,0.2,0.2,0.2,0,0,0,0,0.2,0,0,0,0,0,0.2,0,0,0.2,0,0,0,0,0,0,0.2,0.2,0,0
2020,1,14,0,0,0,0,0,0,0.2,0,0,0,0,0.2,0,0,0.2,0.2,0,0,0,0,0,0,0,0,0,0,0.2,0,0,0.2,0,0.2,0.2,0,0,0,0,0.2,0,0,0,0,0,0,0.2,0,0,0.2,0,0,0,0,0,0,0,0.2,0,0,0.2,0,0,0,0.2,0,0.2,0.2,0,0,0.2,0,0,0,0,0,0.2,0,0,0,0,0,0,0,0,0.2,0.2,0,0
2020,1,15,0,0,0,0,0,0,0,0,0,0,0,0,0,0,0,0,0,0,0,0,0,0,0,0,0,0,0,0,0,0,0.2,0,0,0,0,0,0,0,0,0,0,0,0,0,0,0,0,0,0,0,0,0,0,0.2,0,0,0,0,0,0,0,0.2,0,0,0,0,0,0,0,0,0,0,0,0,0,0,0,0,0,0,0,0,0,0,0,0,0
2020,1,16,0,0.2,0.2,0,0,0.2,0,0,0,0.2,0,0,0,0,0,0,0,0,0,0.2,0,0,0.2,0,0,0,0,0,0,0,0,0.2,0,0.2,0.2,0.2,0,0,0,0.2,0,0.2,0,0,0,0,1.2,0,0.2,0.2,0,0,0,0,0.2,0,0,0.2,0,0,0.2,0,0.2,0,0,0.2,0,0.2,0,0,0,0,0,0.2,0.2,0,0,0,0,0.2,0,0,0,0,0.2,0,0
2020,1,17,0,0.2,0.2,0,0,0,0.2,0,0.2,0.2,0.2,0,0,0,0.2,0.2,0,0,0,0.2,0,0,0,0,0,0,0,0.2,0.2,0.2,0,0,0.2,0,0.2,0,0,0.4,0,0,0,0,0,0.2,0.2,0.2,0.6,0,0,0,0,0,0.2,0,0.2,0.2,0,0.2,0,0,0,0.2,0.2,0,0.2,0,0.2,0.2,0,0,0,0,0,0,0.2,0,0.2,0,0,0,0.2,0,0,0.6,0.2,0.2,0
2020,1,18,2.8,11.4,16.4,6,9.4,12.8,3.2,3,4.8,7.8,5.8,7.8,5.4,8.6,9,7.4,7.4,5.4,3.8,3.6,3,9.2,6.8,7.4,4,8,7.4,4.8,3.8,5.6,0,7,6.8,10.2,13.4,11.6,9.4,7.6,1.2,10.4,5.6,4.2,10.8,4.2,14.4,7.8,6.4,7.8,12.4,8.2,6.8,9.4,6.2,3.4,11.4,9.2,8.4,11.6,8.8,25.2,3.6,7.8,7.6,9,10.8,0.6,4.2,3.8,14.6,7.6,10.2,11.6,9,7.4,13.4,4.8,5.2,5.4,4.8,10.8,3.8,6.8,6.8,8.8,7.6,3.4,8.8
2020,1,19,0,0,0,0,0,0,1.4,0.6,0.4,0,0.2,0,2,0.4,0,0,0,0.2,0,0.2,0.6,0.2,0,0.6,0.4,0,0,6.2,0.6,0.2,0,0.6,0,0,0,0.2,0,0,0.8,0,0.8,0,0.2,0,0,0.2,0,0,0,0.2,1,1.6,0.2,0.2,0.2,0.4,1,0,0,0,0,1.6,1.2,0,0.2,0.2,0.6,2.2,0,0,0.2,0.2,1,0,0,0.4,0.2,0,0.8,0,0.2,0.8,0.2,0,0,0.2,0
2020,1,20,0,0,0,0,0.2,0,0.8,0,0,0,0,0,0.8,0,0.4,0,0,0,0,0,0,0,0,0,0,0,0,2.4,0,0,0,0,0,0,0,0,0,0,0,0,0,0,0,0,0,0,0.2,0,0,0,0,0,0,0,0,0,0,0,0,0,0,0,0,0,0,0,0,0,0,0,0,0,1,0,0,0,0,0,0,0,0,0,0,0,0,0,0
2020,1,21,0,0,0,0,0,0,0,0,0,0,0,0,0,0,0,0,0,0,0,0,0,0,0,0,0,0,0,4.4,0,0,0.8,0,0,0,0,0,0,0,0,0,0,0,0,0,0,0,0,0,0,0,0,0,0,0.2,0,0,0,0,0,0,0,0,0,0,0,0,0,0,0,0,0,0,0,0,0,0,0,0,0,0,0,0,0,0,0,0,0
2020,1,22,0,0,0,0,0,0,0,0,0,0,0,0,0,0,0,0,0,0,0,0,0,0,0,0,0,0,0,2.8,0,0,0,0,0,0,0.2,0,0,0,0,0,0,0,0,0,0,0,0,0,0,0,0,0,0,0,0,0,0,0,0,0,0.2,0,0,0,0,0,0,0,0,0,0,0,0,0,0,0,0,0,0,0,0,0,0,0,0,0,0
2020,1,23,0,0,0.2,0,0,0.2,0.2,0,0.2,0,0,0,0,0,0.2,0,0,0,0,0,0,0.2,0,0,0,0,0.2,0.4,0,0.2,0,0,0,0,0,0,0,0,0,0.2,0,0,0,0.2,0.2,0,0,0,0.2,0,0,0,0,0,0,0,0,0.2,0,0,0.2,0.2,0.2,0,0,0,0,0.2,0.2,0,0,0,0,0.2,0,0,0.2,0,0,0,0.2,0,0,0.2,0.2,0,0
2020,1,24,0,0.6,0.2,0,0,0.2,0,0,0,0,0,0.2,0,0,0.2,0.2,0,0,0,0.2,0,0,0,0,0,0,0.2,0.2,0,0,0,0.2,0.2,0.8,0.4,0,0,0,0,0,0,0.2,0.4,0,0.8,0,0.2,0,0.2,0,0,0,0,0,0.6,0.2,0,0.2,0.4,1,0,0,0.2,0.6,0,0.2,0,0.2,0,0,0,0,0,0.2,0.2,0,0.2,0,0.2,1,0,0,0,0.4,0.2,0,0
2020,1,25,3,11.4,7.8,5.8,6.8,6.8,6.8,4,7.8,0,8.8,6.8,6.6,9.2,6.6,0.2,7.6,3.2,2.6,8.6,7.8,5.8,13.4,6.4,9.8,6,8,15.2,3,3.2,0.2,3.2,6.4,9.8,6.4,8.6,0.6,7.6,4.2,8.2,4.8,3.8,11.2,1.8,12.6,6.8,46.4,12.6,10.2,7.4,3.2,8.4,7.4,4.2,12.6,6,7.6,9,7.2,12.8,4.8,4.2,3.6,7,10.2,0.2,4.6,3.6,9.4,7.8,10.4,7.4,10,11.2,5.2,11,12.4,6.4,11.8,9.2,2.8,11.6,11.8,5.8,9,6.8,7.4
2020,1,26,0,0.2,0.2,0,0,0.2,0,0.2,0.2,0,0,0,0,0.2,1,0,1,0,0,0.2,0,0.2,0,0.2,0,0,0,0.2,0,0.2,0,0.2,0,0.2,0,0.2,0.2,0.2,2.8,0.2,0,0.2,0.2,0.4,0.2,0,0.8,0,1.8,0.2,0,0.8,0.2,0.2,0,0,0.2,1,0.6,0.2,0.2,0.2,0.2,0,0,0,0,0.2,0.2,0,0,0.2,0.2,0,0.2,0.2,0.6,0.2,0.2,0.2,0.2,0,0.2,0,0.2,0,0
2020,1,27,0,0.2,0.4,0.2,1,1.4,1,0,0.2,0,0,0,1.6,0.2,0.6,0,0.2,0,0,0.2,0.2,0,0.2,0,0,0,0.8,0.6,0,0,0,0.2,0,0,0.2,0.8,0.2,1,0,0.2,0,0,0.2,0,0,0.2,0.8,0,0.2,0.2,0.2,0.6,0,0,0.2,0.2,0,1.4,1,0.2,0,0.2,0.4,0.4,0.2,0,0,0.2,0.2,0.8,0,0.4,1.4,1,0,0.2,1.2,0,0.8,0.2,0,0,0.2,0.2,0,0,0
2020,1,28,0,0,0,0,0,0.4,0,0,0.6,0,0,0.2,0,0.4,0,0,0.8,0.6,0.2,0.2,0,0.4,1,0.2,0,0,0.2,0.6,0,0.6,0,3.8,0,0.8,0,0.2,0,0,0.4,0,0.6,0,1.4,0,1.6,0,0.2,0,3,0.2,2,0.2,0.6,11.2,0.2,0,11.8,0.2,0,0.4,1.6,2.2,2.4,0.4,0,0,0,3.2,1.2,0,1.6,0.8,0.4,0.8,0,2,0.2,0,0.2,0.2,1.2,5.8,2.6,0,0,0.2,0.2
2020,1,29,0,0.6,0,0,0.2,0,0.4,1,0,0,0,0,0,1,0,0,0,0,0.8,0,0,0.2,0,0.4,1.6,0.2,0.4,1,0,0.2,0,0.2,0,0,0,0.2,0.2,0,0.2,0,0,0,0,0,0,0,0.2,0.2,0.2,0,0.2,0.2,0,NA,0,0,0.2,0,0,0,0.8,0.2,0.2,0.2,0,0,0.2,1,0,0,0,0,0,0.2,0.2,0,0,0,0.6,0,0.2,0,0,0,0,0,0
2020,1,30,0,0,0,0,0,0,0,0,0,0,0,0,0,0,0,0,0,0,0,0,0,0.2,0,0,0,0,0,0,0,0,0,0,0,0,0,0.4,0,0,0,0,0,0,0,0.2,0,0,0,0,0.2,0,0,0,0,0,0,0,0,0,0.2,0,0,0.2,0,0,0,0,0,0,0.2,0,0,0,0,0,0,0,0,0,0,0,0,0,0,0,0,0,0
2020,1,31,0,0,0,0,0,0,0.4,0.2,0,0,0.2,0.8,0,0.2,0.8,0,0,0,2,0,0,0,0,3.2,1,0.6,1.4,3.2,0,0,0,0,0,0,0,1.8,0.2,0.2,0,0,0,0,0,1.4,0,0,6.2,0.6,0.8,0,0,0.4,0.6,0.2,0,0,0,0.2,1,0,0.6,0,0,0,0.4,0,0,1.4,1,0.4,1.2,0,0.2,0.4,0,0,0,0,0.4,0,0.2,0,0.2,0,0,0,1.2
2020,2,1,1,0,0,0.2,0,1,0.4,1.4,1.2,0,0,0.6,1.2,3.4,1,0,0.4,0,0.4,0,0,0.8,0.6,2.4,5.4,1.2,2.6,4.8,0,0.2,0,2.2,0.2,0,0,2.2,0.2,0.6,1.8,0,0,0,0.4,0.4,0.2,0,8,0.2,1.8,0.2,0.8,1,0.2,0.4,1,0,3.4,0.8,0.4,0.8,1,2.2,3,0,1,0,0,1.2,1.4,1,1.6,0.6,0.8,1.6,0,0.4,0.2,0,0.4,0.8,0.2,2.2,2.2,0,0,0,1.4
2020,2,2,0.2,0,0,0.2,0,0,0.2,0.6,0.2,0,0,0,0.2,0.6,0,0,0,0,0.6,0.2,0.2,0.4,0.4,1,0.8,0.2,0.4,1.8,1,1.2,0,2.8,0,0,0,0.2,0,0,0,0,1.4,0,0,0.8,0,0.2,1.2,0,0.8,0,2,0,2.2,1.8,0,0,3.8,0,0,0.2,0.8,2.4,0.6,0.2,0.2,0,1.6,1.2,1.2,0.4,2.8,0.2,0.4,0.6,0,0.4,0.2,0,0.4,0.4,0.2,1.2,0.4,0,0,0,0.2
2020,2,3,0,0,0,0.2,0,0,0.4,0,0,0,0,0.2,0.4,0.2,0,0,0,0,0.2,0,0,0,0,1,0.4,0.2,2.4,3.8,0,0,0,0,0,0,0,1.2,0.2,0.4,0,0.2,0,0,0,0,0,0,0.6,0.2,0,0.2,0,0.2,0,0,0,0,0,0,0.2,0,0,0,0,0,0.2,0,0,0,0,0.6,0,0,0.4,0.4,0,0,0,0,1,0,0.2,0,0,0,0,0,0.4
2020,2,4,1.4,0,0.4,0,1.4,1.8,1.4,5.8,2.4,0.2,1.6,3.6,0.4,3.6,1.8,0.2,0,3,0.6,1.6,2.4,0.2,0.4,3.4,2.2,1.4,6.6,3.8,2.6,5.8,0,2.2,0.2,0.2,0.2,1.2,0.2,0.4,0,0.6,1.8,2.2,0.4,6,0,0.2,2,2.4,2,0.4,1.4,10.6,5.2,0.8,0,0.8,3.8,0.6,1,0,6.6,3,0.6,1.4,0.4,0,3.2,1.2,0.8,3.6,3.8,0.4,0.6,1.6,0.6,1.6,5.4,2.8,5.6,0.4,5.8,2.2,1.8,0.2,0.4,3.6,2.2
2020,2,5,0.2,0,0,0,0,0,0,2.6,0,0,0.4,0,0.2,0.4,0,0,0,1,6.4,1,0.4,0.4,0,3,0.2,0,0,2.6,0.8,0.8,0,0.6,0,0,0,0,0,0,0,0,0,0.4,0,3.4,0,0,0,0,0.8,0,0,0.8,3.2,1.8,0,0,0.6,0,0,0,1,0.8,0.2,0.2,0,0,0.2,0,0,0,1.2,0,0,0,0,0.6,0.4,1.2,0.2,0,2,0.8,0.2,0,0,0.6,0
2020,2,6,0,0,0,0,0,0,0,0,0,0,0,0,0,0,0,0,0,0,0,0,0,0,0,0,0,0,0,0,0,0,0,0,0,0,0,0,0.2,0,0,0,0,0,0,0,0,0,0,0,0,0,0,0,0,0,0,0,0.2,0,0,0,0,0,0,0,0,0,0,0,0,0,0,0,0,0,0,0,0,0,0,0,0,0,0,0,0,0,0
2020,2,7,0,0,0,0,0,0,0,0,0,0,0,0,0,0,0,0,0,0,0,0,0,0,0,0,0,0,0,0,0,0,0,0,0,0,0,0,2,0,0,0,0,0,0,0,0,0,0,0,0,0,0,0,0,0,0,0,0,0,0,0,0,0,0,0,0,0,0,0,0,0,0,0,0,0,0,0,0,0,0,0,0,0,0,0,0,0,0
2020,2,8,0,0,0,0,0,0,0,0,0,0,0,0,0,0,0,0,0,0,0,0,0,0,0,0,0,0,0,0,0,0,0,0,0,0,0,0,0,0,0,0,0,0,0,0,0,0,0,0,0,0,0,0,0,0,0,0,0,0,0,0,0,0,0,0,0,0,0,0,0,0,0,0,0,0,0,0,0,0,0,0,0,0,0,0,0,0,0
2020,2,9,0,1,1,0,0,0,0,0,0,0,0,0.2,0,0.2,0,0,0.6,0,0,0,0.2,0,0.4,0,0,0,0,0.2,0,0,0,0,0,0.4,0.4,0,0,0,0,0,0,0,1,0,0.6,0,0,0.2,0.4,0,0.2,0,0,0,0.8,0,0.2,0,0,0.8,0,0.2,1,0.2,0,0,0,0,0.6,0,0,0.4,0,0,0.2,0.4,0,0,0,0.8,0,0,0.6,0.2,0,0,0.2
2020,2,10,0,1.6,0.4,0,0,0.6,0,0.6,0.2,0,0,0.6,1,0.4,0,0,1,0,0.4,0.2,0.2,0.2,0.2,0.2,0.6,0.6,0,0.4,0,0,0,0.8,0,0.2,0.2,0,0,0,0,0,0,0,1,0,1,0,0,0.4,1.4,0.2,0.2,0.2,0,1.2,0.6,0,4.4,0.8,0,1,0.6,0.4,3.4,0,0.2,0,0,0.4,0.8,0.4,0.8,0.6,1.2,0.6,0,1,0.2,0,0,0.8,0.2,2.2,0.6,0,0,0.2,0.6
2020,2,11,0,0,0,0,0,0,0,0,0,0,0,0,0,0,0,0,0,0,0,0,0,0,0,0,0,0,0,0,0,0,0,0,0,0,0,0,0,0,0,0,0,0,0,0,0,0,0,0,0,0,0,0,0,0,0,0,0,0,0,0.2,0,0,0,0,0,0,0,0,0,0,0,0.2,0,0,0,0,0,0,0,0,0,0.2,0,0,0,0,0
2020,2,12,0,0,0,0,0,0,0,0,0,0,0,0,0,0,0,0,0,0,0,0,0,0,0,0,0,0,0,0,0,0,0,0.2,0,0,0,0,0,0,0,0,0,0,0,0,0,0,0,0,0,0,0,0,0,0,0,0,0,0,0,0,0,0.2,0.2,0,0,0,0,0,0,0,0,0,0,0,0,0,0,0,0,0,0,0,0,0,0,0,0
2020,2,13,0,0,0,0,0,0,0,0,0,0,0,0,0,0,0.2,0,0,0,0,0,0,0,0,0,0,0,0,0,0,0,0,0,0,0,0.2,0,0,0,0,0,0,0,0,0,0,0,0,0,0.2,0,0,0,0,0,0,0,0,0,0,0,0,0,0.2,0,0,0,0,0.2,0,0,0,0,0,0,0,0,0,0,0,0,0,0,0,0.2,0,0,0
2020,2,14,0.8,0,0,11.8,6.2,12.2,9.4,9,2,0.2,8.4,7.4,9.8,12.4,6.2,2,4.8,11.2,21.4,0.8,1.6,1.4,1.6,5.8,5.6,7.4,11,13.6,6.6,5.6,0.8,4.6,2.6,0.2,0,5,4.4,1.2,5.2,13.4,2.8,6.6,0.2,15.2,0.8,2.6,12.8,8,2.2,11,2.6,9,1.2,12.2,1.4,4.8,14.4,12.8,7,2.2,8.2,8.2,4,1.8,5.6,1.6,11.4,13,1,6.8,8.2,0.6,9.6,10.4,3.6,1.4,9,8,7.4,0,6,6.4,1,0.8,2.8,14,8.2
2020,2,15,0,0,0,0,0,0,0,0,0.4,0,0,0,0,0,0,0,0,0,0,0,0,0,0,0,0,0,0,0,0,0,0,0,0,0,0,0,0,0,0,0,0,0,0,0,0,0,0,0,0,0,0,0,0,0,0,0,0,0,0,0,0,0,0,0,0,0,0,0,0,0,0,0,0,0,0,0,0,0,0,0,0.2,0,0,0,0,0,0
2020,2,16,0,0,0,0,0,0,0,0,0,0,0,0,0,0,0,0,0,0,0,0,0,0,0,0,0,0,0,0,0,0,0,0,0,0,0,0,0,0,0,0,0,0,0,0,0,0,0,0,0,0,0,0,0,0,0,0,0,0,0,0,0,0.2,0,0,0,0,0,0,0,0,0,0,0,0,0,0,0.2,0,0,0,0,0,0,0,0,0,0
2020,2,17,0,0,0,0,0,0,0,0,0,0,0,0,0,0,0,0,0,0,0,0,0,0,0,0,0,0,0,0,0,0,0,0,0,0,0.2,0,0,0,0,0,0,0,0,0,0,0,0,0,0.2,0,0,0,0,0,0,0,0,0.2,0,0,0,0,0,0,0,0,0,0,0,0,0,0,0,0,0,0,0,0,0,0,0,0,0,0,0,0,0
2020,2,18,0,0,0,0,0,0,0,0,0,0,0,0,0,0,0,0,0,0,0,0,0,0,0,0,0,0,0,0,0,0,0,0,0,0,0,0,0,0,0.2,0,0,0,0,0,0,0,0,0,0,0,0,0,0,0,0,0,0,0,0,0,0,0,0,0,0,0,0,0,0,0,0,0,0,0,0,0.2,0,0,0,0,0,0,0,0,0,0,0
2020,2,19,3.8,1.2,3.8,0,0,0,0,0,1.2,2,0,0,0,0,0,0.4,3,2.2,0.4,9.6,2.2,4.6,0.8,0,0,0.2,1.2,2.6,1.4,1,0,2.8,0.8,0.6,3.8,0.2,3.2,0.2,0,0,1.2,0.4,0.6,1,0.2,0.6,0,0,0.8,0,2.2,0,4.8,2.4,1.6,0,13.8,0,0,2.6,1.2,4.6,7.4,4.8,0.4,1,1.2,1.2,5,0,3,2.8,0,0,1.6,1.8,0,0,0,3.6,2.2,3.8,2,1.6,1.4,2.6,0.2
2020,2,20,0,0.2,0,0,0,0,0,0,0.2,0,0,0,0,0,0,0,0,0,0.8,0,0,0.4,0.2,0,0,0,0,2.6,0,0.2,0.2,0.2,0,0.2,0.2,0,0,0,0,0.2,0,0,0,0.2,0.2,0,0,0,0.2,0,0,0.4,0,0,0.4,0,0,0,0,0,0.4,0.2,0.4,0,0,0,0,0.2,0,0,0,0,0,0,0.2,0.4,0.2,0,0,0,0.4,0,0,0.2,0,0,0
2020,2,21,0,0,0.2,0,0,0,0,0,0,0,0,0,0,0,0,0,0,0,0,0,0,0,0,0,0,0,0,0,0,0,0,0,0,0,0,0,0,0,0,0,0,0,0,0,0,0,0,0,0,0,0,0,0,0,0,0,0,0,0,0,0,0,0,0,0,0,0,0,0,0,0,0,0,0,0,0,0,0,0,0,0,0,0,0,0,0,0
2020,2,22,0,0,0,0,0,0,0,0,0,0,0,0,0,0,0,0,0,0,0,0,0,0,0,0,0,0,0,0,0,0,0,0,0,0,0.2,0,0,0,0,0,0,0,0,0,0,0,0,0,0,0,0,0,0,0,0,0,0,0.2,0,0,0,0,0,0,0,0,0,0,0,0,0,0,0,0,0,0,0,0,0,0,0.2,0,0,0,0,0,0
2020,2,23,0,0,0,0,0,0,0,0,0,0,0,0,0,0,0,0,0,0,0,0,0,0,0,0,0,0,0,0,0,0,0,0,0,0,0,0,0,0,0,0,0,0,0,0,0,0,0,0,0,0,0,0,0,0,0,0,0,0,0,0,0,0,0.2,0,0,0,0,0,0,0,0,0,0,0,0,0,0,0,0,0,0,0,0,0,0,0,0
2020,2,24,0,0,0,0,0,0,0,0,0,0,0,0,0,0,0,0,0,0,0,0,0,0,0,0,0,0,0,0,0,0,0,0,0,0,0,0,0,0,0,0,0,0,0,0,0,0,0,0,0,0,0,0,0,0,0,0,0,0,0,0,0,0,0,0,0,0,0,0,0.2,0,0,0.2,0,0,0,0,0,0,0,0,0,0,0,0,0,0,0
2020,2,25,0,0,0,0,0,0,0,0,0,0,0,0,0,0,0,0,0,0,0,0,0,0,0,0,0,0,0,0,0,0,0,0,0,0,0,0,0,0,0,0,0,0,0,0,0,0,0,0,0,0,0,0,0,0,0,0,0,0,0,0,0,0,0,0,0,0,0,0,0,0,0,0,0,0,0,0,0,0,0,0,0,0,0,0,0,0,0
2020,2,26,1.8,0,0.6,0,1,4.8,1.2,10.2,1.6,1.8,2.8,1.8,3.2,1.8,0.8,0.8,1.8,3.6,5.2,4.4,8.6,6,0.6,9.2,10,0.6,2.4,0.6,6.2,12,0.4,5,0.8,1,1.8,0,2,0.6,9.4,1.8,4,7.6,1,3.2,0,4.8,6.4,2.2,0.4,1.6,5.2,1.2,4.6,5,0,1.6,4.2,3,1,0.4,4.8,5,0.8,0.2,1,0.8,4.6,2.6,0.2,0.8,5.8,3.2,1.4,0.8,1.2,3.4,2.2,5.4,1.8,0.4,6.2,5.4,1.2,2,0.8,3,0.6
2020,2,27,4.4,0.4,0,0.8,0.6,0.8,1.8,3.2,1,0,0.2,0.2,3.8,2,0.2,0,2.2,1,3.8,1.8,0.8,6.8,2.8,1.2,0,0,2.6,5,0.8,2.4,0,2.6,0,1.6,0.2,0,0,0,0.2,0.8,1.4,0.4,3.4,3.2,2.2,0,5,0.4,4.6,2,3,3,1.2,9.8,1.6,0,12.8,0.4,0.2,0.8,4.2,4.8,2.4,4.4,0,0,1.2,5.6,3,0.2,2.6,1,1.4,1.4,0,4.4,2.4,0.2,3.4,0.4,2,5.2,4.8,0.2,0,0.8,0
2020,2,28,1.4,0.2,1.2,2.8,7.6,2.4,6.4,7.2,3.2,1,5.2,7.8,14.2,7.6,7.8,0.4,1.6,2.2,6.2,1.6,1.4,2.4,0.2,7.6,10,5.2,7.4,19.8,5.2,3.8,0,2.2,0.2,0.2,0.4,6.8,0.6,1.4,2.2,2.2,1.2,5,0.2,6.8,0.2,0.4,5.2,7.2,1.2,4.2,2.8,6.4,2.8,10.4,0.4,1.2,7.4,1.8,7.6,0.4,7.6,6.2,0.8,0.2,1.4,1.2,2.8,13.6,1.4,10.2,3.6,0.6,5.2,8.4,0.8,1.6,5.8,3.8,10,1.2,5.2,2.4,1,0.4,0.2,2.2,5.6
2020,2,29,0,0,0,0,0,0,0,0,0,0,0,0,0,0,0,0,0,0,0,0,0,0,0,0,0,0,0,0,0,0,0,0,0,0,0,0,0,0,0,0,0,0,0,0,0,0,0,0,0,0,0,0,0,0,0,0,0,0,0,0,0,0,0,0,0,0,0,0,0,0,0,0,0,0,0,0,0,0,0,0,0,0,0,0,0,0,0
2020,3,1,13,10.4,13,15.8,16.6,21,26,23.2,8.2,8.6,12.2,15,17,28.6,15,11,12.2,20.6,5,8,11.2,1.8,7.1,12,16.6,12.8,31.8,23.8,16.6,10.4,0,7.8,21.6,7,14.2,19,13,14.2,14.6,22.6,8.2,14,10.2,5.8,7.4,14.6,17.6,14.2,5.2,28.4,2.2,15.8,12.2,21.8,8,13.4,26.6,16.2,14.6,8.4,26.6,16.4,5.8,2.4,18.6,3.2,8.6,12.4,11.4,24,16.6,11.8,17.6,23.2,16.6,10.4,19,11.4,28.2,14.2,12.2,14.2,10,19.6,19.6,8.6,12.8
2020,3,2,17.4,7.4,12.6,3,19.4,29.6,34.8,22.8,31.4,8.4,13.4,12.2,15.8,15,23.8,7.6,23,37.4,6.6,31.4,44.6,26.4,29.4,12,14.4,10.2,41.4,19.4,12.8,17.6,0.2,15.2,7,15.6,16.2,3.6,1.8,1.8,33.6,15.8,46.2,11.4,23.4,7,20.8,21.2,17.8,9.2,37.6,14.8,21.2,9.2,31.4,0,10.6,12.2,14.6,17.8,20.4,12.8,18.8,18.8,25.2,38.4,11.4,1.4,20.4,13.8,20.8,11.8,31,17.6,19,15.6,4,52.2,10.2,10.2,16.4,20.2,10.2,26.6,57,11.2,6,19.4,11.6
2020,3,3,4.8,9.6,3.8,10,8.2,15.2,22.4,11,3.2,3.4,9.4,9.8,29.2,8.6,4.2,10,5.2,12.6,1,12.6,10.4,11,7,13.2,27.2,10.6,36.2,9.8,12.4,8.4,0,5,10.8,0.8,8,9.8,9.4,7.6,1.8,17,11.6,13.8,1,1.6,1,7.2,3.6,3.6,10.4,15,8,8.4,8.2,NA,2.4,6.4,6.8,20.2,4.2,2.4,14,8.8,1,2.2,11.4,1.6,8.6,1.6,2,31,12.6,6.6,24.2,5.2,10.6,18.8,6.8,18,12.8,8.6,5.2,13.2,5.6,24.8,20.8,10,9.6
2020,3,4,0,2.8,4.2,0,0,0.2,0,0,0.2,0.2,1,0.2,0.2,0.8,0.2,0.2,0,1.6,2,0.2,0.6,0.2,0,0.8,0.4,0.2,0,8.2,0.8,1.2,0.6,0,0.2,0.4,0.4,0,0,0,2.2,0.2,0.4,6.2,0,0.2,0.2,3,0,0.2,0.8,0,0.4,1,0.2,0,0.2,0,0.8,0,0,0.4,1.4,0.2,0,0.4,2.2,0,0.8,1.6,0.2,0.2,1.4,0.2,0,0.2,0.2,0.2,0.2,0.8,0.2,2.2,0.8,0.6,0.2,0.2,1.6,1,0.2
2020,3,5,0,0.8,0.4,0.2,2.2,4.4,1,0,0,0,0.2,0.4,0.4,1.4,0.8,0,0.2,0,0.2,0,0,0,0.4,0.2,0.2,0,2.4,1.6,0.2,0.2,0.2,0.2,0.8,0.4,1.2,4,0.2,1.8,1.8,1.4,0.2,0.2,0.8,0,1,0.2,4.6,0.8,0.6,2.2,0,0.8,0,0,0.2,0.2,0,2.8,1,2.4,0.6,0.2,0.2,0.8,0.6,0.2,0.2,2,0.8,2.4,0.2,0.6,1,1.8,0.8,0,1,0,1,1,0,0.2,0.2,0.4,0.8,0.2,0.4
2020,3,6,7.2,4.8,9.2,11.2,10.4,16.4,30.8,59.4,3.8,4.6,29.4,12.2,10,31,13.4,6.8,10.2,3.4,4.6,7,14.4,7,7,9.2,38.6,11.4,14.2,18,18,13.2,0,8,13.6,4.2,11.6,14,8,8.4,10.2,18.4,18.6,9.8,6.8,10,8.8,3,8.8,14.2,18.8,23.8,8.2,27.6,10.6,9.2,5.4,6.4,14,18,16.4,6.6,16.2,8.6,9,6.8,10.8,3.8,11.6,17.2,8.6,10.4,14.8,6.4,12.2,14,7,9.2,15.6,4.4,16.6,14,9,24,7.8,7.4,7.2,8.2,14.2
2020,3,7,0,1.2,0.8,2.2,0.6,0.4,3.6,36.4,0,1.6,0.6,1.4,1.4,0.8,1.2,1,0,1.2,2.2,0,2.8,1,1.2,11.6,8.8,1.8,1.6,13.8,2.6,1.8,0.6,7.8,1.2,0,1.2,0,1.4,1,5.4,1.8,3.6,3.6,0,2.6,0,0.4,3,1.8,1,1.6,1.6,1.8,1,4.2,0,0.6,6.6,0.2,0.8,0.4,2.2,2.6,0.2,0.2,2.8,1.6,1.2,4.2,0,0.8,1.2,1,1,1.2,0.6,2.4,0.8,4,3.2,0,0.6,5.2,0.2,1.2,1.2,1.4,1.8
2020,3,8,0,0.2,0,0,0,0,0,0.2,0,0,0,0,0,0.4,0,0,0,0,0,0,0,0,0,0.6,0,0,0.4,0.2,0,0,0,0,0,0,0,0,0,0,0,0,0,0,0,0,0,0,0,0,0,0,0,3,0,0.2,0,0,0,0,0,0,0,0.2,0,0,0,0,0,0,0,0,0,0,0,0.2,0,0,0,0,0,0,0,0,0,0,0,0,0
2020,3,9,0,0.4,0,0,0,0,0,0,0,0,0,0,0,0,0,0,0,0,0,0,0,0,0,0,0,0,0,0,0,0,0,0,0,0,0,0,0,0,0,0,0,0,0,0,0,0,0,0,0,0,0,0,0,0,0,0,0,0,0,0,0,0,0,0,0,0,0,0,0,0,0,0,0,0,0,0,0,0,0,0,0,0,0,0,0,0,0
2020,3,10,0,0,0,0,0,0,0,0,0,0,0,0,0,0,0,0,0,0,0,0,0,0,0,0,0,0,0,0,0,0,0,0,0,0,0.2,0,0,0,0,0,0,0,0,0,0,0,0,0,0,0,0,0,0,0,0,0,0,0,0,0,0,0,0,0,0,0,0,0,0,0,0,0,0,0,0,0,0,0,0,0,0,0,0,0,0,0,0
2020,3,11,0,0,0,0,0,0,0,0,0,0,0,0,0,0,0,0,0,0,0,0,0,0,0,0,0,0,0,0,0,0,0,0,0,0,0,0,0,0,0,0,0,0,0,0,0,0,0,0,0,0,0,0,0,0,0,0,0,0,0,0,0,0,0,0,0,0,0,0,0,0,0,0,0,0,0,0,0,0,0,0,0,0,0,0,0,0,0
2020,3,12,0,0,0,0,0,0,0,0,0,0,0,0,0,0,0,0,0,0,0,0,0,0,0,0,0,0,0,0,0,0,0,0,0,0,0,0,0,0,0,0,0,0,0,0,0,0,0,0,0,0,0,0,0,0,0,0,0,0,0,0,0,0,0,0,0,0,0,0,0,0,0,0,0,0,0,0,0,0,0,0,0,0,0,0,0,0,0
2020,3,13,0,0,0,0,0,0,0,0,0,0,0,0,0,0,0,0,0,0,0,0,0,0,0,0,0,0,0,0,0,0,0,0,0,0,0,0,0,0,0,0,0,0,0,0,0,0,0,0,0,0,0,0,0,0,0,0,0,0,0,0,0.2,0,0,0,0,0,0,0,0,0,0,0.2,0,0,0,0.2,0,0,0,0,0,0,0,0,0.2,0,0
2020,3,14,0,0,0,0,0,0,0.2,0.2,0,0,0,0,0,0,0,0,0,0,0,0,0,0,0,0,0,0,0,0.2,0,0,0,0,0,0,0.2,0,0,0,0,0,0,0,0,0,0,0,0,0,0,0,0,0.8,0,NA,0,0,0,0,0,0,0,0,0.2,0,0,0,0,0,0,0,0,0,0,0,0,0,0.4,0,1.8,0,0,0,0,0,0,0,0
2020,3,15,0,0,0,0,0,0,0,0,0,0,0,0,0,0,0,0,0,0,0,0,0,0,0,0,0,0,0,0,0,0,0,0,0,0,0,0,0,0,0,0,0,0,0,0,0,0,0,0,0,0,0,0,0,0,0,0,0,0,0,0,0,0.2,0,0,0,0,0,0.4,0,0,0,0,0,0,0,0,0,0,0,0,0,0,0,0,0,0,0
2020,3,16,0,0,0,0,0,0,0,0,0,0,0,0,0,0,0,0,0,0,0,0,0,0,0,0,0,0,0,0,0,0,0,0,0,0,0,0,0,0,0,0,0,0,0,0,0,0,0,0,0,0,0,0,0,0,0,0,0,0,0,0,0,0,0,0,0,0,0,0,0,0,0,0,0,0,0,0,0,0,0,0,0,0,0,0,0,0,0
2020,3,17,0,0,0,0,0,0,0,0,0,0,0,0,0,0,0,0,0,0,0,0,0,0,0,0,0,0,0,0,0,0,0,0,0,0,0,0,0,0,0,0,0,0,0,0,0,0,0,0,0,0,0,0,0,0,0,0,0,0,0,0,0,0,0.2,0,0,0,0,0.2,0,0,0,0,0,0,0,0,0,0,0,0,0,0,0,0,0,0,0
2020,3,18,0,0,0,0,0,0,0,0,0,0,0,0,0,0,0,0,0,0,0,0,0,0,0,0,0,0,0,0,0,0,0,0,0,0,0,0,0,0,0,0,0,0,0,0,0,0,0,0,0,0,0,0,0,0,0,0,0,0,0,0,0.2,0,0,0,0,0,0,0.2,0.2,0,0,0,0,0,0,0,0,0,0,0,0.2,0,0,0,0,0,0
2020,3,19,0,0,0,0,0,0,0,0,0,0,0,0,0,0,0,0,0,0,0,0,0,0,0,0,0,0,0,0,0,0,0,0,0,0,0,0,0,0,0,0,0,0,0,0,0,0,0,0,0,0,0,0,0,0,0,0,0,0,0,0,0,0.2,0,0,0,0,0,0,0,0,0,0,0,0,0,0,0,0,0,0,0,0,0,0,0,0,0
2020,3,20,0,0,0,0,0,0,0,0,0,0,0,0,0,0,0,0,0,0,0,0,0,0,0,0,0,0,0,0,0,0,0,0,0,0,0,0,0,0,0,0,0,0,0,0,0,0,0,0,0,0,0,0,0,0,0,0,0,0,0,0,0,0,0,0,0,0,0,0,0,0,0,0,0,0,0,0,0,0,0,0,0,0,0,0,0,0,0
2020,3,21,0,0,0,0,0,0,0,0,0,0,0,0,0,0,0,0,0,0,0,0,0,0,0,0,0,0,0,0,0,0,0,0,0,0,0,0,0,0,0,0,0,0,0,5.8,0,0,0,0,0,0,0,0,0,0,0,0,0,0,0,0,0,0,0,0,0,0,0,1.4,0,0,0,0,0,0,0,0,0,0,0,0,0,0,0,0,0,0,0
2020,3,22,0,0,0,0,0,0,0,0,2.6,0,0,0,0,0,0,0,0,0.2,0,0,0,0,0.4,0,0,0,0,1.4,0,0,0,0,0,0,0,0,0,0,0,0,0,0,0,0.2,0,0,0,0,0,0,0,0,0,0,0,0,0,0,0,0,0,0,0,0,0,0,0,0,0,0,0,0,0,0,0,0.2,0,0,0,0,0,0,2.4,0,0,0,0
2020,3,23,0,0,0,0,0,0,0,0,0,0,0,0,0,0,0,0,0,0,0,0,0,0,0,0,0,0,0,0,0,0,0,0,0,0,0,0,0,0,0,0,0,0,0,0,0,0,0,0,0,0,0,0,0,0,0,0,0,0,0,0,0,0,0,0,0,0,0,0,0,0,0,0,0,0,0,0,0,0,0,0,0,0,0,0,0,0,0
2020,3,24,0,0,0,2.2,0.4,0,2.2,9,0,0,1.2,1.4,0.8,2.4,0.6,0,0,2.2,0.8,0,0.4,0,0,8.6,4.8,0,3.2,0,5.6,2.4,0,0.2,0.4,0,0,0,0,0,3,0.8,2.6,1.6,0,1.4,0.4,0,0.2,5.2,0,2.2,0,4.2,2.8,0,0,1.2,2.6,0.4,0.4,0,4.8,0.6,0,0,0,0.2,1.4,0,0,0.2,4.2,0,0.4,2.2,0.4,0.2,4.8,1.4,1.6,0,0,0.6,0,0,1.2,1.6,0.2
2020,3,25,0,0.2,1,7.8,3,4.8,8,11.4,0.2,0.2,2.4,6.2,0.8,8.4,3.4,0.4,0,0.2,2.2,0,0.2,0,0,7.8,0.4,3.6,8.8,0,1.4,0.6,0,0,1.4,0,1.6,0.2,0,3,10.8,5.6,0.2,1,0,2.2,0,0,9,7.6,0,2.6,0,14,0.2,0,0,1.2,0,3.4,3.8,0.4,2.6,0,0,0,2,0.2,0,0,0.8,5.4,0.2,0.6,3.8,8,0,0,17,1,9.2,0.8,0.2,0,0,0.6,0.2,0.2,5.6
2020,3,26,0,6.2,8.4,0,0.8,0,1.4,10,0,0,0,0,2.8,1.8,3.8,0,0.4,0,0,0,0,0,0,2.2,0,0.2,0,3,0,0,0,0,0.4,0.4,6.2,0,0,2.4,15.6,0,0,0,0.2,0,2.8,0,2,0,0,0,0,20.6,0.8,0,3.4,0,0,0,0.2,5,0,0,1,1.2,0.6,0,0,3.2,5.6,1.2,0,4.4,1.6,0.4,0.2,0,3.6,0,1.6,4.4,0,0,0.4,1.8,0.4,0,0
2020,3,27,0,0,0,0,0,0,3.2,10.8,0,0,0,0,2.2,3.2,0.2,0,0.4,0,0,0,0,0,0,0.8,0.4,0,1,77,0,0,0.6,0,0,0,0.2,0,0,0,1.2,0,0,0,0,0.6,0,0,0,0.2,0,0,0,47.8,0,0,0,0.2,0,0,0,0,0,0,0.2,0,0.4,0,0,16,0,0,0,0.8,0.2,1.2,0,0,17,0,13.4,0,0,0,0,0,0,0,0
2020,3,28,0,0,0,0,0,0,0,0.2,0,0,0,0,0,0,0,0,0,0,0.8,0,0,0,0,0,0,0,0,0.4,0,0,1,3.4,0,0,0,0,0,0,0,0,0,0,0.2,0.8,0,0,0,0,0.4,0,0.2,0,1.2,2.4,0,0,1.8,0,0,0,0,9.2,7.4,1,0,0,0,4,0,0.2,0,0,0,0,0,0,0,0,0,0,0,1.2,0,0,0,0,0
2020,3,29,4.6,0,0,0.4,0,0,0,0,0,0,0,0,0,0,0,0,0,0,0.2,0.6,0,2.4,0,0,0,0,0,0.2,0,0,0,0.2,0,0,0,0,0,0,0,0,0.2,0,0,0.4,0,0,0,0,0.4,0,0.8,0,0.2,1.6,0.2,0,0.6,0,0,0,0.6,2.6,37.6,0.2,NA,0,0,0.2,1.2,0,0,0,0.6,0,0,0.6,0,0,0,0.6,7.8,2.6,0.6,0,0,0,0
2020,3,30,0,5,1.2,9,0.2,0,5,11,0,0,0,10.4,3,2.8,0.6,0.2,0,1,4.6,1,2.2,8.6,1.4,0.4,1,0.8,7,11.8,4,0,4.8,5.4,0,3.4,1.4,1,2.8,0,3.4,5.4,1.4,1.4,6.8,1.2,3.8,0,1,0.2,4.2,6.6,0.4,2.2,1.8,1.6,0.6,2.2,0.4,0,2.4,1.4,12.6,1.6,0.2,1.6,NA,0.4,1.2,7,2.4,0.6,13.2,0.8,0.8,0.6,9.8,1.8,2.8,1.4,5.4,0,2,1,11.2,0.8,0.6,1.4,2
2020,3,31,0.6,0,1.8,0.2,0,0,1,1,1.2,0.6,0.4,0.4,0.2,0,0,0.8,3.2,1.8,5.8,0.6,3.6,2,0.4,0.8,0,1,1.6,1.8,0.4,6,0,1,0.2,0.6,1.4,0,0.6,1.4,0.4,0,4.4,1,0.6,7.6,0.8,0.4,0.2,0.2,2.2,0.6,1.6,1.8,1.4,1.8,0.2,0,2.2,0,0,2.6,5.8,1.2,0.8,1.8,NA,0,6,3.6,1.2,2.4,4,3,0.2,1,0.4,1.4,0.4,0.6,3,2.6,7.6,2.2,1.4,0.8,0.8,5,0.8
2020,4,1,0,0.2,0,0,0,0,0,0,0,0,0,0,0,0,0,0,0,0,0.4,0,0,0,0,0,0,0,0,2.4,0,0,0,0,0,0,0,0,0,0,0,0,0,0,0,0.2,0,0,0,0,0,0,0,0,0,1.2,0,0,0,0,0,0,0,0,0,0,NA,0,0,3,0,0,0,0,0,0,0,0,0,0,0,0,1,0,0,0,0,0,0
2020,4,2,0,0,0,0,0,0,0,0,0,0,0,0,0,0,0,0,0,0,0,0,0,0,0,0,0,0,0,0,0,0,0.8,0,0,0,0,0,0,0,0,0,0,0,0,0,0,0,0,0,0,0,0,0,0,0,0,0,0,0,0,0,0,0,0,0,NA,0,0,1,0,0,0,0,0,0,0,0,0,0,0,0,0,0,0,0,0,0,0
2020,4,3,0,0,0,0,0,0,0,0,0,0,0,0,0,0,0,0,0,0,0,0,0,0,0,0,0,0,0,0,0,0,0,0,0,0,0,0,0,0,0,0,0,0,0,0,0,0,0,0,0,0,0,0,0,0,0,0,0,0,0,0,0,0,0,0,NA,0,0,0,0,0,0,0,0,0,0,0,0,0,0,0,0,0,0,0,0,0,0
2020,4,4,0,0,0,0,0,0,0,0,0,0,0,0,0,0,0,0,0,0,0,0,0,0,0,0,0,0,0,0,0,0,0,0,0,0,0,0,0,0,0,0,0,0,0,0,0,0,0,0,0,0,0,0,0,0,0,0,0,0,0,0,0,0,0,0,NA,0,0,0,0,0,0,0,0,0,0,0,0,0,0,0,0,0,0,0,0,0,0
2020,4,5,0,0,0,0,0,0,0,0,0,0,0,0,0,0,0,0,0,0,0,0,0,0,0,0,0,0,0,0,0,0,0,0,0,0,0,0,0,0,0,0,0,0,0,0,0,0,0,0,0,0,0,0,0,0,0,0,0,0,0,0,0,0,0,0,NA,0,0,0,0,0,0,0,0,0,0,0,0,0,0,0,0,0,0,0,0,0,0
2020,4,6,0,0,0,0,0,0,0,0,0,0,0,0,0,0,0,0,0,0,0,0,0,0,0,0,0,0,0,0,0,0,0,0,0,0,0,0,0,0,0,0,0,0,0,0,0,0,0,0,0,0,0,0,0,0,0,0,0,0,0,0,0,0,0,0,NA,0,0,0,0,0,0,0,0,0,0,0,0,0,0,0,0,0,0,0,0,0,0
2020,4,7,0,0,0,0,0,0,0,0,0,0,0,0,0,0,0,0,0,0,0,0,0,0,0,0,0,0,0,0,0,0,0,0,0,0,0,0,0,0,0,0,0,0,0,0,0,0,0,0,0,0,0,0,0,0,0,0,0,0,0,0,0,0,0,0,NA,0,0,0,0,0,0,0,0,0,0,0,0,0,0,0,0,0,0,0,0,0,0
2020,4,8,0,0,0,0,0,0,0,0,0,0,0,0,0,0,0,0,0,0,0,0,0,0,0,0,0,0,0,0,0,0,0,0,0,0,0,0,0,0,0,0,0,0,0,0,0,0,0,0,0,0,0,0,0,0,0,0,0,0,0,0,0,0,0,0,NA,0,0,0,0,0,0,0,0,0,0,0,0,0,0,0,0,0,0,0,0,0,0
2020,4,9,0,0,0,0,0,0,0,0,0,0,0,0,0,0,0,0,0,0,0,0,0,0,0,0,0,0,0,0,0,0,0,0,0,0,0,0,0,0,0,0,0,0,0,0,0,0,0,0,0,0,0,0,0,0,0,0,0,0,0,0,0,0,0,0,NA,0,0,0,0,0,0,0,0,0,0,0,0,0,0,0,0,0,0,0,0,0,0
2020,4,10,0,0,0,0,0,0,0,0,0,0,0,0,0,0,0,0,0,0,0,0,0,0,0,0,0,0,0,0,0,0,0,0,0,0,0,0,0,0,0,0,0,0,0,0,0,0,0,0,0,0,0,0,0,0,0,0,0,0,0,0,0,0,0,0,NA,0,0,0,0,0,0,0,0,0,0,0,0,0,0,0,0,0,0,0,0,0,0
2020,4,11,0,0,0,0,0,0,0,0,0,0,0,0,0,0,0,0,0,0,0,0,0,0,0,0,0,0,0,0,0,0,0,0,0,0,0,0,0,0,0,0,0,0,0,0,0,0,0,0,0,0,0,0,0,0,0,0,0,0,0,0,0,0,0,0,NA,0,0,0,0,0,0,0,0,0,0,0,0,0,0,0,0,0,0,0,0,0,0
2020,4,12,0,0,0,0,0,0,0,0,0,0,0,0,0,0,0,0,0,0,0,0,0,0,0,0,0,0,0,0,0,0,0,0,0,0,0,0,0,0,0,0,0,0,0,0,0,0,0,0,0,0,0,0,0,0,0,0,0,0,0,0,0,0,0,0,NA,0,0,0,0,0,0,0,0,0,0,0,0,0,0,0,0,0,0,0,0,0,0
2020,4,13,0,0,0,0,0,0,0,0,0,0,0,0,0.2,0,0.4,0,0,0,0,0,0,0,0,0,0,0,0,0,0,0,0,0,0,0,0,0,0,0,0,0,0,0,0,0,0,0,1,0,0,0,0,0,0,0,0,0,0,0,0.6,0,0,0,0,0,NA,0,0,0,0,0,0,0,0,0,0,0,0,0,0,0,0,0,0,0,0,0,0
2020,4,14,0,0,0,0,0,0,0.2,0,0,0,0,0,0.2,0,0,0,0,0,0.6,1,0.8,0.8,0.2,0,0,0,0.4,2.8,0,1.6,0,2.4,0,0,0,0,0,0,0,0,1.2,0,0,1.2,0,0,0,0.2,1,0,0.8,0.6,0.4,2.2,0,0.2,0.8,0,0,0,0,1.4,1.8,0.2,NA,0,0,1.4,0,0,0.2,0,0,0.2,0,0.8,1.2,0,0.4,0,1.4,0.4,1.4,0,0,0,0
2020,4,15,0,0,0,0,0,0,0,0,0,0,0,0,0,0,0,0,0,0,0,0,0,0,0,0,0,0,0,0,0,0,0,0,0,0,0,0,0,0,0,0,0,0,0,0,0,0,0,0,0,0,0,0,0,0,0,0,0,0,0,0,0,0,0,0,NA,0,0,0,0,0,0,0,0,0,0,0,0,0,0,0,0,0,0,0,0,0,0
2020,4,16,0,0,0,0,0,0,0,0,0,0,0,0,0,0,0,0,0,0,0,0,0,0,0,0,0,0,0,0,0,0,0,0,0,0,0,0,0,0,0,0,0,0,0,0,0,0,0,0,0,0,0,0,0,0,0,0,0,0,0,0,0,0,0,0,NA,0,0,0,0,0,0,0,0,0,0,0,0,0,0,0,0,0,0,0,0,0,0
2020,4,17,0,0,0,0,0,0,0,0,0,0,0,0,0,0,0,0,0,0,0,0,0,0,0,0,0,0,0,0,0,0,0,0,0,0,0,0,0,0,0,0,0,0,0,0,0,0,0,0,0,0,0,0,0,0,0,0,0,0,0,0,0,0,0,0,NA,0,0,0,0,0,0,0,0,0,0,0,0,0,0,0,0,0,0,0,0,0,0
2020,4,18,0,0,0,0,0,0,0,0,0,0,0,0,0,0,0,0,0,0,0,0,0,0,0,0,0,0,0,0,0,0,0,0,0,0,0,0,0,0,0,0,0,0,0,0,0,0,0,0,0,0,0,0,0,0,0,0,0,0,0,0,0,0,0.2,0,NA,0,0,0,0,0,0,0,0,0,0,0,0,0,0,0,0,0,0,0,0,0,0
2020,4,19,0,0.2,0.2,0,0,0,0,0.8,0,0,0,0.6,0,0.2,0,0,0,0,0,0,0,0,0,0,0.4,0,0,0.2,0,0,0,0,0.4,0,0.4,0,0,0,0.2,0.2,0,0,0,0.6,0.2,0,0,0,0,0.4,0,0,0,0,0,0,0,0,0,0.4,0.4,0,0.2,0,NA,0,0,0.8,0.2,0.8,0,0.2,0,0,0,0,0.6,0,0,0.4,0,0,0,0,0,0,0.2
2020,4,20,14.6,22.4,25.2,21.2,21.2,25.8,15.6,10.8,18.4,20.8,16.8,17,19.6,12.2,19.2,19.2,21.6,20,15.2,19.8,21.4,15.8,15.2,19.6,14.8,21.6,20.2,30,15.2,18.4,6.8,15,21.6,19,22,25.4,21,18.8,25.2,22.6,21.4,16.4,18.8,12.6,20.2,17.8,22.6,21.6,17.4,20.2,15.6,8.8,19.4,22.4,21,18.8,18.2,21,19,23.8,16.4,18.2,14.2,14.2,NA,0,19.2,17.6,22,19.6,23.8,24.4,24.2,13.4,23.2,18.6,14.2,14.6,15.2,22,12.6,19,20.6,23.2,22.2,18.4,23.2
2020,4,21,0.8,0.8,1.6,2.2,1,2.2,2.4,2.8,0.6,0,1.2,0.4,2.4,1.6,1,0.2,0.6,1.2,3,1.6,3.4,0.8,0,6.4,3.4,0.8,2.8,21,1.4,1,0.2,1.2,0.2,0.4,1.6,2.6,0.8,0.4,6.8,2.8,5.8,1.8,0.4,4.4,0.6,1.4,1,2.2,0.4,1.8,0.8,5.6,1.2,3.6,0.6,0.6,1.8,0.8,2.6,0.6,3.4,1,0.4,0.8,NA,0.2,2.4,1,0.2,0.6,5.4,0.8,2,1.6,1.4,1.2,12.2,0.8,7,2.4,3.2,3,0.8,0.6,0.2,6.6,1.4
2020,4,22,5.4,11.6,10.6,0.2,0,0.8,0,0.6,11,6,2,5.4,0.2,2,0,4.8,9,4.4,4.6,11.4,9.4,9.4,10.6,6,0.8,3,0.4,3.4,1.6,7.8,16,7.2,4,10,8,2.6,1.2,2,0.4,0.2,8.8,5.4,11.4,2.6,11.2,3,0,0.2,13.8,0.4,7.4,1.2,7.4,12.6,9.6,2,12.6,0.4,0.2,13,0.6,8.8,9.2,11.8,NA,0.2,4.8,3.8,13.6,5.4,9.8,9.2,0.2,0.2,2,10,0.8,2.8,0,11.2,8,15.8,15,2.6,2,6.6,4.2
2020,4,23,0,0.2,0.2,0,0,0,0,0,0,0,0,0,0,0,0,0,0,0.2,0,0.2,0.2,0,0,0,0,0,0,0.2,1.2,0,0,0.2,0,0.2,0,0,0,0,0,0,0.2,0,0,0,0,0.2,0,0,0.4,0,0,0,0,0.2,0.2,0,0,0,0,0,0.2,0,0.2,0.2,NA,0,0.2,0.2,0.2,0,0,0,0,0,0,0.2,0,0,0,0,0.2,0,0,0,0,0,0
2020,4,24,0,0,0,0,0,0,0,0,0,0,0,0,0,0,0,0,0,0,0,0,0,0,0,0,0,0,0,0,0.6,0,0,0,0,0,0,0,0,0,0,0,0,0,0,0,0,0,0,0,0,0,0,0,0,0,0,0,0,0,0,0,0,0,0,0,NA,0,0,0,0,0,0,0,0,0,0,0,0,0,0,0,0,0,0,0,0,0,0
2020,4,25,0,0,0,0,0,0,0,0,0,0,0,0,0,0,0,0,0,0,0,0,0,0,0,0,0,0,0,0,0.2,0,0,0,0,0,0,0,0,0,0,0,0,0,0,0,0,0,0,0,0,0,0,0,0,0,0,0,0,0,0,0,0.2,0.2,0.2,0,NA,0,0,0,0,0,0,0,0,0,0,0,0,0,0,0,0,0,0,0,0,0,0
2020,4,26,0,0,0,0,0,0,0,0,0,0,0,0,0,0,0,0,0,0,0,0,0,0,0,0,0,0,0,0,0,0,0,0,0,0,0.2,0,0,0,0,0,0,0,0,0,0,0,0,0,0,0,0,0,0,0,0,0,0,0,0,0,0,0,0,0,NA,0,0,0,0.2,0,0,0,0,0,0,0,0,0,0,0,0,0,0,0,0,0,0
2020,4,27,0,0,0,0,0,0,0,0,0,0,0,0,0,0,0,0,0,0,0,0,0,0,0,0,0,0,0,0,0,0,0,0,0,0,0,0,0,0,0,0,0,0,0,6.8,0,0,0,0,0,0,0,0,0,0,0,0,0,0,0,0,0,0,0.2,0,NA,0,0,0.8,0,0,0,0,0,0,0,0,0,0,0,0,0,0,0,0,0,0,0
2020,4,28,4.8,11.4,10.4,11.2,18.8,16,15,20.2,0.6,10.4,18.2,23.4,12,33.6,14.8,7.4,3.4,3,3.2,2.6,3.8,4,0.8,14.4,22.6,17.4,24.6,28,2.6,2.6,0.8,29.4,30.8,2.6,21.6,7,7.8,5.4,20.2,9.2,1.2,2.4,3,6.6,9.2,5.2,33.8,20,3.6,19.2,5.2,29.4,0.6,5.6,5.4,7.6,5,15.8,3,25.6,5.6,15.4,18,2.2,NA,9.4,1.8,9,3.6,40.4,3,16.8,30.2,26.6,8,1.8,31,14.4,26,11.2,1.8,9,1.8,25.8,35,2.2,19.4
2020,4,29,9,0.4,2.2,12,4,2.6,9.2,4.4,0.4,3.6,3.4,4.6,8,10.4,1.4,1.2,0.2,2,7.2,0,0.6,5,0,2.6,4,7,16.6,12.8,3.8,1,1,4.6,7,0,1,14.4,13.6,12.2,0.2,7.4,0.8,1.4,0,6.2,0.2,0.2,2,5.4,0.6,15.8,13.4,18.2,0,7,0.2,2,20.8,3.8,1.6,0,4,6.8,3,0.2,NA,7,0.6,8.4,0,9.6,0.6,0.2,6.4,8.2,6.4,0,24.2,2.4,17.4,1.4,6.2,4,0,5,5.8,0.2,7.2
2020,4,30,0,0,0,0,0,0,0,0,0,0,0,0,0,0,0,0.2,0,0,0,0,0,0,0,0,0,0,0,0,0,0,0,0,0,0,0,0,0,0,0,0,0,0,0,0,0,0,0,0,0,0,0,0,0,0,0,0,0,0,0.6,0,0,0,0,0,NA,0,0,0,0,0,0,0,0,0,0,0,0,0,0,0,0,0,0,0,0,0,0
2020,5,1,0,0,0,0.4,0.8,0,0.6,0.8,0,0,0,0,3.6,0.6,0.2,0,0,0,0,0,0,0,0,1.4,4,0,2.6,5.4,0.8,0,0,0,0,0,0,0,0,0,1.6,0.4,0,0.4,0,0,0.2,0,1,0.2,0,0.6,0,0,0,0,0,0.2,1.2,0,0.2,0,0,0.2,0,0,NA,0,0,0,0,0,0,0,3.8,0.4,0,1,1,1.6,2.4,0,0,0,0.4,0,0,0,0
2020,5,2,0,0,0,3.6,1.8,1,2.2,3.6,0.8,0,0.6,1.8,1.4,4.2,1.6,0,0.2,1.2,2.4,0.2,1,0,0,4,7.2,1.8,6.4,11.4,0.4,1.8,0,0.8,0,0,0,3.6,0,0.4,0,1.6,1.2,0.6,0,2.4,0,0,0.4,1.4,0,3.2,3.8,7.6,1,5.8,0,0,5.4,0.2,0.2,0,7,0.8,0,0,NA,0.4,0.8,11.8,0.4,1.2,3.8,0.6,1.8,3.6,0,0,4.4,0.2,4.4,0,2.4,2,0,0,0,1,2
2020,5,3,0,0,0,0,0,0,0,0,0,0,0,0,0,0,0,0,0,0,0,0,0,0,0,0,0,0,0,0.6,0,0,0,0,0,0,0,0,0,0,0.4,0,0,0,0,0,0,0,0,0,0,0,0,0,0,NA,0,0,0,0,0.2,0,0.2,0,0,0,NA,0,0,0,0,0,0,0,0,0,0,0,0,0,0,0,1.4,0,0,0,0,0,0
2020,5,4,0,0,0,0,0,0,0,0,0,0,0,0,0,0,0,0,0,0,0,0,0,0,0,0,0,0,0,0,0,0,0,0,0,0,0,0,0,0,0,0,0,0,0,0,0,0,0,0,0,0,0,0,0,0,0,0,0,0,0,0,0,0,0,0,NA,0,0,0,0,0,0,0,0,0,0,0,0,0,0,0,0,0,0,0,0,0,0
2020,5,5,0,0,0,0,0,0,0,0,0,0,0,0,0,0,0,0,0,0,0,0,0,0,0,0,0,0,0,0,0,0,0,0,0,0,0,0,0,0,0,0,0,0,0,0,0,0,0,0,0,0,0,0,0,0,0,0,0,0,0.2,0,0,0,0,0,NA,0,0,0,0,0,0,0,0,0,0,0,0,0,0,0,0,0,0,0,0,0,0
2020,5,6,0,0,0,0,0,0,0,0,0,0,0,0,0,0,0,0,0,0,0,0,0,0,0,0,0,0,0,0,0,0,0,0,0,0,0,0,0,0,0,0,0,0,0,0,0,0,0,0,0,0,0,0,0,0,0,0,0,0,0,0,0,0,0,0,NA,0,0,0,0,0,0,0,0,0,0,0,0,0,0,0,0,0,0,0,0,0,0
2020,5,7,0,0,0,0,0,0,0,0,0,0,0,0,0,0,0,0,0,0,0,0,0,0,0,0,0,0,0,0,0,0,0,0,0,0,0,0,0,0,0,0,0,0,0,0,0,0,0,0,0,0,0,0,0,0,0,0,0,0,0,0,0,0,0,0,NA,0,0,0,0,0,0,0,0,0,0,0,0,0,0,0,0,0,0,0,0,0,0
2020,5,8,0,0,0,0,0,0,0,0,0,0,0,0,0,0,0,0,0,0,0,0,0,0,0,0,0,0,0,0,0,0,0,0,0,0,0,0,0,0,0,0,0,0,0,0,0,0,0,0,0,0,0,0,0,0,0,0,0,0,0,0,0,0,0,0,NA,0,0,0,0,0,0,0,0,0,0,0,0,0,0,0,0,0,0,0,0,0,0
2020,5,9,0,0,0,0,0,0,0,0,0,0,0,0,0,0,0,0,0,0,0,0,0,0,0,0,0,0,0,0,0,0,0,0,0,0,0,0,0,0,0,0,0,0,0,0,0,0,0,0,0,0,0,0,0,0,0,0,0,0,0,0,0,0,0,0,NA,0,0,0,0,0,0,0,0,0,0,0,0,0,0,0,0,0,0,0,0,0,0
2020,5,10,0,0,0,0,0,0,0,0,0,0,0,0,0,0,0,0,0,0,0,0,0,0,0,0,0,0,0,0,0,0,0,0,0,0,0,0,0,0,0,0,0,0,0,0,0,0,0,0,0,0,0,0,0,0,0,0,0,0,0,0,0,0,0,0,NA,0,0,0,0,0,0,0,0,0,0,0,0,0,0,0,0,0,0,0,0,0,0
2020,5,11,0.2,0.4,0.4,0.2,1.6,0.4,0.2,0,0,0,0,0,0,0,0.8,0,0,0,2.2,0,0,0.8,0,0,0,0,0.4,0,0,0.8,0,1,0,0,0.6,0,0.2,0.2,0.4,0.2,0.2,0,0,0.4,0.2,0,0.8,0,0.8,0.4,1,0,0,NA,0,0,1.8,0.6,0.8,0.4,0.2,1.4,1,0.2,NA,0,0,0.2,0,0.6,0,0,0.8,0,0,0,0,0,0,0.4,0.6,1.6,0,0.2,0,0,0
2020,5,12,1,0.4,0,15.8,1.6,2.4,13.2,3.2,0.8,0,0.6,0.4,5.4,3.2,1,0,1.6,1,2,2.8,1.6,4.8,1,1.2,4,0,8.4,26.8,0.6,1.2,0,0.4,0,0.2,0,8.8,0,2.6,3.8,10.6,0.8,0.4,0.2,1.2,1.8,0.4,3.2,0.6,0.4,4.8,3.4,2.8,1.4,0.4,0.4,0.2,3.4,4.4,1.8,1.4,4.6,2.8,1,0,NA,0.6,1.8,5.4,2,0.8,3.4,2,8.4,4.2,0,2.4,6,0.4,8.8,0,1.8,3.4,3.4,0,0.4,1.2,0
2020,5,13,0,0,0,0,0,0,0,0,0,0,0,0,0,0,0,0,0,0,0,0,0,0,0,0,0,0,0,0,0,0,0,0,0,0,0,0,0,0,0,0,0,0,0,0,0,0,0,0,0,0,0,0,0,0,0,0,0,0,0,0,0.2,0.2,0,0,NA,0,0,0,0,0,0,0,0,0,0,0,0,0,0,0,0,0,0,0,0,0,0
2020,5,14,0,0.2,0,0,0,0,0,0.4,0,0,0,0.6,0.2,0.6,0,1,0,0,0.4,0,0,0,0,0.2,0.2,0.6,0.2,0.4,0.4,0.8,0,0,0,0,0,0,0,0,0,0,0.4,0,0,0,0,0,0,1.2,0,0,0,0.8,0,0,0,0,0,0,0,0,0.2,0,0,0,NA,0,0,0.2,0,0,0,0,0,1.8,0,0,2.4,0,1.4,0,0,0,0,0,0,0,0.8
2020,5,15,0,0,0,0,0,0,0,0,0,0,0,0,0,0,0,0,0,0,0,0,0,0,0,0,0,0,0,0,0,0,0,0,0,0,0.2,0,0,0,0.2,0,0,0,0,0,0,0,0,0,0,0,0,0,0,0,0,0,0,0,0,0,0,0,0,0,NA,0,0,0,0,0,0,0,0,0,0,0,0,0,0,0.2,0,0,0,0,0,0,0
2020,5,16,0,1.2,0.6,1.4,1.2,0.6,3.4,1.8,0.2,0.6,0.8,1.2,0.8,0.2,1.2,1.2,0.8,0,0.8,0.4,0,0,0,1.6,1.6,0.8,4.4,5,0.4,0.2,0,0.2,0.8,0.2,0.6,0.6,0.4,0.8,0.6,1.2,0,0.6,0.4,0,0.8,1,1,0,0,1.8,0,1,0.4,NA,0.4,0.2,0,0.4,1.2,0.8,1.4,0,0,0,NA,0,0,0.4,0.6,2.2,1,0.6,0.6,0.4,0.6,0.4,1,0.8,2,1.8,0.2,0,0,0.4,0.4,0.6,1.4
2020,5,17,0,0,0,0,0,0,0,0,0,0,0,0,0,0,20,0,0,0,0.4,0,0,0,0,0,0,0,0,0,0,0,0,0,0,0,0.2,0,0,0,0,0.2,0,0,0,0.4,0,0,0.2,0,0,0,0,0,0,NA,0,0,0,0,1.6,0,0,0,0,0,NA,0,0,0.6,0,0,0.2,0,0,0,0,0,0,0,0,0,0.4,0,0,0,0,0,0
2020,5,18,0,0,0.4,0.6,0.2,0.4,1.8,0.8,0.2,0,0,0.8,0.4,0.8,0.2,0,0.2,0,0,0,0,1,0,0.6,1.4,0.8,2.6,2.8,0,0.4,0,0.2,0.2,0.4,0.4,0,4.6,0.2,2.2,0.4,0,0,0.4,0,0.6,0.2,0.2,0.6,0,0.2,0,2.6,0,NA,0.4,0,0,0.2,0.2,0.6,0.4,0,0.2,0,NA,0,0,0,0.2,2.6,0,0.4,0.6,0.4,0,0,0.8,0,1.2,0.2,0.2,0.4,0.2,0.2,0.4,0.2,0.8
2020,5,19,5.8,3,5,30.8,9.2,3.6,10.6,26.6,3.6,2,10.8,12.4,8.6,23.2,16.4,7,2.4,33.6,27.6,6.8,14,10.2,3.4,16.2,31.8,24.8,10.6,18.4,2.2,12.2,6.2,6,5.2,13.6,1.4,5.8,2.6,7,24.6,8.4,48.2,9.6,6.4,22.4,8.6,3.8,4.2,14.6,6.6,16.8,2.6,33.8,5.2,NA,4.8,12.4,37.4,5.6,0.2,1.8,18.4,38,4.4,2.6,NA,0,27,10,6.8,11.4,41.4,4.2,17,20.2,2,21.8,11.4,18.4,9.8,7.6,4.2,42,11,1.4,7,12.6,21.4
2020,5,20,0,2.6,3.4,19.8,13,15.2,22.6,13.6,0.6,4.2,10.6,11,34.4,21.2,11,6,3.2,2.2,8.8,0.2,1.8,4,0.2,9.8,11.4,9.4,19.6,46.4,1.2,1.4,7.2,2,8,0.4,4.8,9.6,5.4,11.2,38.6,14.6,2.2,3.4,0.2,7.4,1.4,4,8.4,13.8,0.6,16.8,1.6,29.4,1,4.6,1.2,8.6,1.6,17,0,1.6,3.8,1.6,0.4,2,NA,0.2,1.2,24.8,1.4,13.6,3.6,1.8,24.6,14.6,12,0.8,18.8,5.8,25,3,6,2,0.2,6.4,11.6,2.2,11.8
2020,5,21,0,0,0,0,0,0,0,0,0,0,0,0,0,0,0,0,0,0,0,0,0,0,0,0,0,0,0,0,0.8,0,0,0,0,0,0,0,0,0,0,2.2,0,0,0,0,0,0,0,0,0,0,0,0,0,0,0,0,0,0,0,0,0,0,0,0,NA,0,0,0.6,0,0,0,0,0,0,0,0,0,0,0,0,0,0,0,0,0,0,0
2020,5,22,0,0.2,0,0,0,0,0,0,0,0,0,0,0,0,0,0,0,0,0,0,0,0,0,0,0,0,0,0,0.2,0,0,0,0,0,0,0,0,0,0,0.2,0,0,0,0,0,0,0,0,0,0,0,0,0,0,0,0,0,0,0,0,0,0,0,0,NA,0,0,0,0,0,0,0,0,0,0,0,0,0,0,0,0,0,0,0,0,0,0
2020,5,23,0,0,0,0,0,0,0,0,0,0,0,0,0,0,0,0,0,0,0,0,0,0,0,0,0,0,0,0,0.2,0,0,0,0,0,0,0,0,0,0,0,0,0,0,0,0,0,0,0,0,0,0,0,0,NA,0,0,0,0,0,0,0,0,0,0,NA,0,0,0,0,0,0,0,0,0,0,0,0,0,0,0,0,0,0,0,0,0,0
2020,5,24,0,0,0,0,0,0,0,0,0,0,0,0,0,0,0,0,0,0,0,0,0,0,0,0,0,0,0,0,0,0,0,0,0,0,0,0,0,0,1,0,0,0,0,0,0,0,0.2,0,0,0,0,0,0,0,0,0,0,0,0.2,0,0,0,0,0,NA,0,0,0,0,0,0,0,0,0,0,0,0,0,0,0,0,0,0,0,0,0,0
2020,5,25,0,0,0,0,0,0,0,0,0,0,0,0,0,0,0,0,0,0,0,0,0,0,0,0,0,0,0,0,0,0,0,0,0,0,0,0,0,0,0,0,0,0,0,0,0,0,0,0,0,0,0,0,0,0,0,0,0,0,0,0,0,0,0,0,NA,0,0,0,0,0,0,0,0,0,0,0,0,0,0,0,0,0,0,0,0,0,0
2020,5,26,0,0,0,0,0,0,0,0,0,0,0,0,0,0,0,0,0,0,0,0,0,0,0,0,0,0,0,0,0,0,0,0,0,0,0,0,0,0,0,0,0,0,0,0,0,0,0,0,0,0,0,0,0,0,0,0,0,0,0,0,0,0,0,0,NA,0,0,0,0,0,0,0,0,0,0,0,0,0,0,0,0,0,0,0,0,0,0
2020,5,27,0,0,0,0,0,0,0,0,0,0,0,0,0,0,0,0,0,0,0,0,0,0,0,0,0,0,0,0,0,0,0,0,0,0,0,0,0,0,0,0,0,0,0,0,0,0,0,0,0,0,0,0,0,0,0,0,0,0,0,0,0,0,0,0,NA,0,0,0,0,0,0,0,0,0,0,0,0,0,0,0,0,0,0,0,0,0,0
2020,5,28,0,0,0,0,0,0,0,0,0,0,0,0,0,0,0,0,0,0,0,0,0,0,0,0,0,0,0,0,0,0,0,0,0,0,0,0,0,0,0,0,0,0,0,0,0,0,0,0.6,0,0,0,0,0,0,0,0,0,0,0,0,0,0,0,0,NA,0,0,0,0,0,0,0,0,1.2,0,0,0,0,0,0,0,0,0,0,0,0,0
2020,5,29,10.4,12.6,11.8,12.8,7.8,6.8,18.8,13.8,27.2,12.6,22,22,15.8,22.4,8.8,15,16,12.4,18.2,11.6,16.6,11.2,18.3,20.8,23.4,18,22.2,43.4,3.8,17.2,7,9,11.4,10.6,10.6,7.2,5,7.4,26,7,17.6,19.4,9.2,16.6,16.2,19.6,8,24.2,7.8,15.4,19.8,16.8,11.6,17.2,21.2,21.4,22.6,8,0,15.4,18,11.4,7.2,10.8,NA,0.2,16,18.4,21.8,17,16.2,11.6,9.6,23.2,7.4,12,26.2,21,23.4,11.2,14.2,24,15.2,10.2,7.6,10.4,20
2020,5,30,0,0.2,0.4,6.8,3.2,4.6,4,0.8,0.4,0,0.2,1.8,2.2,2.6,1.8,0.2,0.2,0.2,1.8,0.6,2.8,3.2,0.2,2.2,2.2,0.6,3.8,16.6,6.8,0.4,0,2.2,1.2,0,0.2,4.6,1.2,0.4,1,11.4,2,0.4,0.2,1.8,0.2,0.2,0.2,1.8,2,1.6,1.4,5.8,0.6,1,0,0,7.2,3.2,0,0,0.8,1.2,1.2,0.2,NA,0,1.4,1.6,0.2,2,0.6,0.2,2,1.6,3,6.2,5.4,0.4,6.4,0.2,1.6,1,0.8,0.4,0.4,0.4,1
2020,5,31,0,0,0,0,0,0.2,0,0,0,0,0,0,0,0,0,0,0,0,0,0,0,0.2,0,0,0,0,0,0,0.8,0,0.4,0.2,0,0,0.2,0,0,0,0,0,0,0,0,0.6,0,0,0,2,0,0,0,0.8,0,0,0.2,0.6,0.2,0,0,0,0,0.2,0.2,0,NA,0,0,0,0,0,0,0,0,0,0,0.2,0.2,0,0.2,0,0.2,0,0,0,0,0,0
2020,6,1,0,0,0,0,0,0,0,0,0,0,0,0,0.2,0,0,0,0,0,0,0,0,0,0,0,0,0,0,0,0,0,0,0,0,0,0,0,0,0,0,0,0,0,0,0,0,0,0,0,0,0,0,0,0,NA,0,0,0,0,0,0,0.2,0,0,0,NA,0,0,0,0,0,0,0,0,0,0,0,0,0,0,0,0,0,0,0,0,0,0
2020,6,2,7.6,0,0,0,0,1,0,0,0,0,0,0,0.8,0,1.8,0,0,11.8,0.2,4,9.2,23.4,0,0,0,0,5.4,0.8,0,4.8,0,1.6,0,0,0,0,0.2,0,0,0,1,0,0,3,0,0,0.2,0.2,14,0,16,1.8,4.2,0,0,0,7.2,0,0,0,1,4.4,6.6,1.6,NA,0,1,0.2,0,0,3.2,0,0,0,0,1.2,0,1,0.2,0,2.2,14.4,3.6,0,0,10.4,0
2020,6,3,2.8,5,4.6,0,0,0,0.2,0.2,0,0,2.4,0,0.2,4.4,0,1.6,0,0.2,7.2,0.2,8.6,0.8,3,4.2,7.4,0,1.8,0.4,1,6,1,0,0.6,0,0,0,0,0,0,0,2.2,0.4,0,1.2,0.2,0,0,2.8,1.4,0,0.2,1.8,0,0.4,2,0.2,0.8,0,0,2.6,2.8,0.6,0.2,0,NA,0,5.4,1.4,1.2,0,19.6,0.8,0,4.8,0,0.4,1,12.4,0.2,0.4,3.4,8.2,0,0,0,1.8,0
2020,6,4,18,4.4,4,0,2.8,6.6,1.2,5.6,1.8,3.6,2,3,0.2,3.2,0,1,5.6,1.6,13.4,2.2,4.2,18.2,3.6,1.8,3.6,1.4,1.2,2,0.6,12,0,6.8,2,4.6,6.4,4.6,8.4,2,14.8,1,6.2,1.4,6.8,4.6,5.2,2.6,0.4,3.2,16.6,2.6,8.8,0.8,2.8,14.4,4.4,3.2,18.8,3.8,0,9.2,7.6,8,9.4,4.6,NA,1.2,2.6,7.2,5,3.4,3,5.6,0.8,3.2,2.8,5,0.8,1.2,0.4,3.8,8.8,21,6,3.6,2.8,4,2
2020,6,5,6.8,15.2,4.6,39.4,23.8,25,34.6,26,58.4,29,14.4,13.2,44.4,14.2,20.4,8.8,51.4,43.6,14.6,38.8,22.4,9.8,17.9,20.8,24.4,24.6,40.8,34,14.6,27.6,2.8,32.4,31,14.4,15.6,44.2,23.6,33.4,19.2,20.4,19.4,22.2,15.4,14.2,22,25.4,17,13.2,10,44.4,7.6,20,36.4,24.4,7,18.2,13.4,34.4,2.2,10,30.4,20,5,1.6,NA,0.6,19.4,24.6,22,35.4,26,27.2,33.8,14,38.8,18.4,17.2,20,29.2,14,28.4,23.8,8.8,11.4,27.6,8.8,17.8
2020,6,6,0,0,0.2,0.2,0,0.2,0.2,0,0,0,0.2,0.2,0,0,0.2,0.4,0,0,0,0,0,0.2,0,0,0,0,0,0,0.2,0,0,0.2,0,0,0.2,0,2,0,0,1.8,0,0.2,0,0,0.2,0,0,0,0,0.2,0,0,0.2,0.2,0.2,0,0.2,0,0,0,0.2,0.2,0.2,0,NA,0,0,0.2,0.2,0,0,0.2,0.2,0,0,0,0,0,0,0,0,0,0,0,0.2,0,0
2020,6,7,0,0,0,0.2,0,0,0,0,0,0,0.6,0.4,0,0,0,0,0,0,0,0,0,0,0,0,0.2,0,0.8,0,0,0.2,0,0,0,0,0,0.4,1.2,0.6,0.2,0.8,0,0,0,0.2,0,0,1,0.2,0,0,0,0,0,0,0,0,0,0,0,0,0,0,0,0,NA,0.2,0,0,0,1,0,0,0,0.6,0.4,0,0.2,0,0,0,0,0,0,0,0,0,0
2020,6,8,27.2,40,25,81.6,44.8,25,76.4,14.4,41.4,18.6,19.8,23,38.8,18.8,10.4,16,73.2,24.6,8.8,124.8,24.2,19.8,23.7,20.4,19,15.6,39.2,43,10.2,7.2,0,0.8,21,23.8,12.8,8.8,2,49.4,1.8,77.2,12.4,9.4,29.6,0.6,17.2,34.4,3,39.8,27.8,46.4,2.2,17.4,33,0.2,25.4,16,7,25.8,10.6,21.6,18.6,2.6,2,13.2,NA,24.2,12.2,1.6,51.4,12,23.6,17,34.4,22.2,65.2,192.8,28.4,18.4,33.4,33,0.8,16.6,72.2,19.2,25.4,11.2,17.6
2020,6,9,0,17.8,2.8,1.6,0.4,5.6,7.2,2.2,0.4,4.8,1.2,0.8,2.6,7.2,11.6,4.6,17.8,0,0,0.2,0.2,0.6,8.4,18.6,10.4,1,5.8,0.8,0.4,5.2,0.6,0,2.8,3.6,1,0,1.2,0.2,1.4,8.2,3,0.2,2,0.2,3.8,2.6,0.8,3.6,0.4,1,1.2,0.6,0.2,0,1.8,1.2,6.4,41.2,21,0,1.4,1.6,0,0,NA,0.6,0.6,0.2,8.6,2.2,0.2,2.6,3.2,3.2,5.8,0.6,1.8,2.8,3,0.2,0,1,0,0.8,0.4,0,1.4
2020,6,10,4,0.6,7.4,14.2,11,24.8,3.4,8.2,6.4,2.4,8,5.6,6.4,13.4,15.2,13.4,9,4.6,1.6,6.6,3.2,4.4,4.8,10.6,20.8,5,14,30.8,3.4,4.6,1.4,10.2,14.6,27.6,13.6,12.2,0.6,13.2,7.4,21.2,7.8,4.6,29.8,1.2,1.2,8.4,2.8,2.8,6.8,16,3,13.6,5,10.8,15.6,1.4,3.8,9.2,9.2,11.4,1.2,3.6,1.2,5,NA,6,2,7,17.2,8.8,4.4,5.8,10.6,5.2,5.6,5,11.2,5.6,11,7.8,5.6,8.4,4.6,26,10,1,6.8
2020,6,11,0.8,0.4,0.2,9.8,0,7,24.2,5,11,1.6,4,4.6,4.8,3.6,1.8,4.2,7,5.8,7.8,2.8,1.4,1.2,2,1.8,1.6,4.4,7.6,14.4,5.4,3,1,6.6,6.2,5.4,3.8,9.6,0.6,19.8,0,6.8,1.6,2.6,0.4,9.6,28,2.4,0.2,2.2,0.8,8.8,1.4,6.8,11.8,3.2,34.4,2.2,5.6,5.4,1,14.6,1.4,6.2,6.8,0.2,NA,10.4,10,10.8,20,10.2,19,5.6,6,1.8,8.4,1,7.6,1,9.4,3.4,2.4,3.2,1,5.6,6.4,8,6
2020,6,12,0,0.4,0.2,2.4,0,0.2,0.2,0,0,0,0,0,0,0,0,0,0,0,0,0,0,0,0,0.2,0,0.2,0.2,0,0,0,0,0.2,0.2,0,0.2,0,0.4,0,0,4.4,0,0,0,0,0.2,0,0,0,0,0,0,0,0,0.2,0.2,0,0.2,0.2,0,0.2,0.2,0.2,0,0,NA,0.2,0,0,0.2,0.2,0,0,0,0,5,0,0.2,0,0.2,0,0.2,0,0.2,0,0.2,0,0
2020,6,13,9.4,0.2,0,0.6,4.6,4.2,7,1.4,0,0,0,0,2.8,0,7.2,0,0,2,1.4,0,2,1.2,0,1.2,1.6,0,1.4,3,4,8.2,0,1.4,0.2,0,1.4,3.2,0.2,3,6.4,1.2,3.6,1.8,0,1.4,0,0,2,0,8,0,0.4,3,0,4,0,0,0.4,7.2,4.2,0,0.6,0.8,1.6,0,NA,1,0.6,1.8,0.2,0,3.4,0,5,0,1,0,5.4,0,4.8,0,1.8,4.6,0.4,1.6,1.2,1.6,0.2
2020,6,14,0.4,6.3,0.4,7.4,2.4,4.6,10,20.2,12.4,11.8,10,21.8,2.6,28.4,3.2,15.4,21.2,30.8,10.6,0.8,6,0,0.2,14,14.4,21.8,11.4,20.2,26.4,8.4,6.2,0.4,10.8,11.4,1.2,1.6,0.2,14.4,14.4,3,8.4,28.4,10,15.6,7.8,10.6,6,24.6,0,16.8,0,40,7.4,8.4,6.4,13.6,12.8,4.4,3,28,20.8,1.6,0,0.2,NA,7.8,9.6,17.4,13.8,15.8,7.8,22.8,3.8,22.2,5.2,0.6,31.4,11,26.6,1,13.6,3,1,2,7.4,17.4,25
2020,6,15,9.6,3.2,6.4,6.4,11.6,5.2,9.8,3.8,1,3.2,4.2,9.2,14,5.6,8,13.4,1,6.4,4,11.2,0.8,7.6,10.2,6.4,5.6,11.4,10.2,10.2,5.6,3.6,3,3.2,1.6,10.6,0.8,8.6,0.2,4.2,19,1.4,6.4,8.8,18.2,3.6,0.4,5.4,17,3.4,6.6,3.2,10,6.6,0.6,0.2,1.4,10.4,8.8,9.4,13,3.2,4.6,4.8,14,13,NA,0.6,3.6,3.2,2.6,13.8,1.6,0,9.6,5.6,25,24.8,7,4.4,7.4,0.2,6.4,12.6,21.6,5,7.8,4.4,11
2020,6,16,0,1.2,2.6,3.4,1,0.4,5.8,1,0,0.2,1.6,0.6,1.4,1.2,1.2,0.4,0.2,1.6,7.8,0,0.2,0.4,3.2,3.4,3,1.4,3,7.2,0.6,0.4,1.4,1.6,0.2,1,1,6,0.2,0.8,1,2.6,0.2,0.2,4.2,3,2.6,1.4,2.4,1.6,2.6,0.4,0,2.4,0.2,NA,1.6,1.4,1.6,0.2,0.8,1.4,7.2,0.6,0.4,0,NA,0.2,0,5,1.2,0.4,0.2,0.6,1,8.2,1.4,0.2,1.6,0.2,7,0.2,1,8.2,1,1.6,0.2,1.2,1.6
2020,6,17,5.6,0.2,0.2,0,0.8,0.2,0,0,10,0,0.2,0,0.2,0,0.2,0,0,5.8,2.2,2.8,18.8,2.2,4.8,0.2,0,0,0,0,1.8,2.8,6,24.4,0,4.6,0.2,0,0.2,0,0.4,0.8,16.2,0,0.2,1.4,0,0,0,0,8,0,21,0,20.8,NA,1.4,0.8,2.4,0,0.4,0,6.8,10,0,6.4,NA,0,8.8,0.4,2.6,0,27.4,0,0.2,0,0,8.2,0,0.4,0,0,2.6,4,18.4,0,0,3.4,0
2020,6,18,0,0,0,0.2,0,0,0,0,0,0,0,0,0,0,0,0,0,0,0,0.2,0.2,16.2,0,0,0,0,0,0,0,0,0,5.2,0,0,0.2,0,0.2,0,0,0.6,0,0.2,0,0,0,0,0,0,2,0,12.6,0,0,0,0.2,0,0.2,0,0,0,0,2.8,0.4,1.2,NA,0,0.2,0,0.2,0,0,0,0,0,0,0,0,0,0,0,0,0,0.2,0,0,0,0
2020,6,19,0,0,0,0.4,0,0.4,0,0,0,0,0.8,0,0,0,0,0,0,0,0,0,0,0,0,0.4,1.8,0,0,0,0,0,0,0,0,0,0,0,0,0,0,0,0,0,0,0,0,0,0,0,0,0,0,4,0,NA,0,0,0,0,0,0,0,0.2,0,0,NA,0,0,0,0,0,0,0,0,0,0,0.2,0.2,0,0,0,0,0,0,0,0,0,0
2020,6,20,0,0.2,0,0,0,0,0,0,0,0,0,0,0,0,0,0,0,0,0,0,0,0,0,0,0,0,0,0,0,0,0,0,0,0,0,0,0.2,0,0,0,0,0,0,0,0,0,0,0,0,0,0,0,0,0,0,0,0,0,0,0,0,0,0,0,NA,0,0,0,0,0,0,0,0,0,0,0,0,0,0,0,0,0,0,0,0,0,0
2020,6,21,0,1.6,10.6,2.6,3,1.6,4.4,13.6,0.4,2.2,0.6,1.6,3,11.4,5.8,0.4,3,0.4,0,0.4,1.4,0.6,1.8,0.8,3.4,7.8,5,3.8,1.4,11,0.2,0,1.4,10,3.4,0,0,1.2,8.6,0.2,0.8,0.4,12.6,0,4,0,8.4,2.2,0,1.2,7.4,9.6,0.2,0,1.8,1,0,0.4,1.2,1.4,1.2,0,0,0,NA,0.2,0.8,0,2.2,4.4,1,13.8,13.2,4.8,2.6,0.8,13.2,0,3.2,2.4,0,0,1.2,0.6,0.8,1,10.2
2020,6,22,0,0.2,0,0,0,0,0,0,0,0,0,0,0,0,0,0,0,0,0,0,0,0,0,0,0,0,0,0,0,0.2,0.2,NA,0,0,0.2,0,0.2,0,0,0,0,0,0,0,0.2,0,0,0,0,0,0.2,0,0,0,0.2,0,0,0,0,0,0,0,0,0,NA,0,0,0,0.2,0,0,0,0,0,0,0,0,0,0,0,0,0,0,0,0.2,0,0
2020,6,23,0,0,0,0,0,0,0,0,0,0,0,0,0,0,0,0,0,0,0,0,0,0,0,0,0,0,0,0,0,0,0,NA,0,0,0,0,0,0,0,0,0,0,0,0,0,0,0,0,0,0,0,0,0,0,0,0,0,0,0,0,0,0,0,0,NA,0,0,0,0,0,0,0,0,0,0,0,0,0,0,0,0,0,0,0,0,0,0
2020,6,24,0,0,0,0,0,0,0,0,0,0,0,0,0,0,0,0,0,0,0,0,0,0,0,0,0,0,0,0,0,0,0,0,0,0,0,0,0,0,0,0,0,0,0,0,0,0,0,0,0,0,0,0,0,0,0,0,0,0,0,0,0,0,0,0,NA,0,0,0,0,0,0,0,0,0,0,0,0,0,0,0,0,0,0,0,0,0,0
2020,6,25,0,0,0,0,0,0,0,0.4,0,0,0,0,0,3.6,0,0,0,0,0,0,0,0,0,0,0,0,0,0,0,0,0,0,1,0,0,0,0.2,0,0,0,0,0,0,0,0,0,0,1,0,0,0,0,0,NA,0,0,0,0,0,0,0.8,0,0,0,NA,0,0,3.2,0,0,0,0,0,0.2,0,0,0,0,0,0,0,0,0,0,1.8,0,0
2020,6,26,0,0,0,0,0,0,0,0,0,0,0,0,0,0,0,0,0,0,0,0,0,0,0,0,0,0,0,0,0,0,17.6,0,0,0,0,0,0,0,0,0,0,0,0,0,0,0,0,0.2,0,0,0,0,0,NA,0,0,0,0,0,0,0,0,0,0,NA,0,0,4.6,0,0,0,0,0,0,0,0,0,0,0,0,0,0,0,0,0,0,0
2020,6,27,0,0,0,0,0,0,0,0,0,0,0,0,0,0,0,0,0,0,0,0,0,0,0,0,0,0,0,0,0,0,0.2,0,0,0,0,0,0,0,0,0,0,0,0,0,0,0,0,0,0,0,0,0,0,NA,0,0,0,0,0,0,0,0,0,0,NA,0,0,0.8,0,0,0,0,0,0,0,0,0,0,0,0,0,0,0,0,0,0,0
2020,6,28,0,0,0,0,0,0,0,0,0,0,0,0,0,0,0,0,0,0,0,0,0,0,0,0,0,0,0,0,0,0,0,0,0,0,0,0,0.2,0,0,0,0,0,0,0,0,0,0,0,0,0,0,0,0,NA,0,0,0,0,0,0,0,0,0,0,NA,0,0,0,0,0,0,0,0,0,0,0,0,0,0,0,0,0,0,0,0,0,0
2020,6,29,0,0,0,0,0,0,0,0,0,0,0,0,0,0,0,0,0,0,0,0,0,0,0,0,0,0,0,0,0,0,0,0,0,0,0,0,0,0,0,0,0,0,0,0,0,0,0,0,0,0,0,0,0,NA,0,0,0,0,0,0,0,0,0,0,NA,0,0,0,0,0,0,0,0,0,0,0,0,0,0,0,0,0,0,0,0,0,0
2020,6,30,0,0,0,0,0,0,0,0,0,0.4,0,0,0,0,0,0,0,0,0,0,0,0,0,0,0,0,0,0,0,0,0,0,0,0,0,0,0,0,0,0,0,0,0,0,0,0,0,0,0,0,0,0,0,NA,0,0,0,0,0,0,0,0,0,0,NA,0,0,0,0,0,0,0,0,0,0,0,0,1.2,0,0,0,0,0,0,0,0,0
2020,7,1,0,0,0,0,0,0,0,0,0,0,0,0,0,0,0,0,0,0,0,0,0,0,0,0,0,0,0,0,0,0,0,0,0,0,0,0,0,0,0,0,0,0,0,0,0,0,0,0,0,0,0,0,0,NA,0,0,0,0,0,0,0,0,0,0,NA,0,0,0.2,0,0,0,0,0,0,0,0,0,0,0,0,0,0,0,0,0,0,0
2020,7,2,0,0,0,0,0,0,0,11.2,0,0,9.8,0,0,0,0,1.2,0,0,3.2,0,0,0,0,0.6,2.6,0,0,0,0,0,5.6,0,0,0,0.8,0,0,0,0,0,0,0,0,0,0,0,0,0,0,0,0,0,0,NA,0,0.4,0,0,0,0,0,0,0,0,NA,0,0,0.2,0,0,0,22.2,0,0,0,0,0,0.4,0,0,0.2,0,0,0,0,0,0
2020,7,3,5.8,0,0,0,0.4,3.2,0,14.8,11.6,4.2,0.6,0.8,2.4,3.4,0.2,0.6,2.2,15.8,7.2,32.6,12.6,0.2,33.2,1.4,5.2,1.8,0,0.2,9.8,9.2,2,0,0,0,0,0,4.4,0,2.8,0.6,12.8,12,0,6,0,1.6,0.2,20.6,10.4,0.2,0,12.6,8.4,NA,0,4.6,3.8,1.8,0,0,7.6,0.8,0,18,NA,0.2,10,6.8,0,0,19.2,0,0,2.6,3.4,10,7.2,2.6,5.2,0,2.2,20.6,11,0,0,7.4,1.8
2020,7,4,1.2,0,0,0,0.2,0,0,0.2,15.6,0.2,0.2,0,0,0,0,0,0,30.8,0,0.2,0.2,3.2,0.2,0,0,0,0,0,0,0.2,0,0,0,3.2,0,0,0,0,0,0.2,2.8,0,1.8,0,2.2,0,0.2,0.2,0.2,0,14.2,0,4.6,NA,5.8,0,0,0,0,0,0.4,0.8,8.4,28.4,NA,0,0,0,0,0,3.4,0,0,0.2,0,0,0,0,0,0,8.4,1.6,7.4,0,0,1,0
2020,7,5,0,0,0,0,0,0,0,0,0,0,0,0,0,0,0,0,0,0,0,0,0,0,0,0,0,0,0,0,0,0,0,NA,0,0,0,0,0,0,0,0,0,0,0,0,0,0,0,0,0,0,0,0,0,NA,0.4,0,0,0,0,0,0,0.2,0,0,NA,0,0,0,0,0,0,0,0,0,0,0,0,0,0,0,0.2,0,0,0,0,0,0
2020,7,6,0,0,0,0,0,0,0,0,0,0,0,0,0,0,0,0,0,0,0,0,0,0,0,0,0,0,0,0,0,0,0,NA,0,0,0,0,0,0,0,0,0,0,0,0,0,0,0,0,0,0,0,0,0,NA,0,0,0,0,0,0,0,0,0,0,NA,0,0,0.2,0,0,0,0,0,0,0,0,0,0,0,0,0,0,0,0,0,0,0
2020,7,7,0,0,0,0,0,0,0,0,0,0,0,0,0,0,0,0,0,0,0,0,0,0,0,0,0,0,0,0,0,0,0,NA,0,0,0,0,0,0,4.2,0,0,0,0,0,0,0,0,0,0,0,0,0,0,NA,0,0,0,0,0,0,0,0,0,0,NA,0,0,0,0,0,0,0,0,0,0,0,0,0,0,0,0,0,0,0,0,0,0
2020,7,8,0,0,0,0,0,0,0,0,0,0,0,0,0,0,0,0,0,0,0,0,0,0,0,0,0,0,0,0,0,0,0,NA,0,0,0,0,0,0,0,0,0,0,0,0,0,0,0,0,0,0,0,0,0,NA,0,0,0,0,0,0,0,0,0,0,NA,0,0,0.2,0,0,0,0,0,0,0,0,0,0,0,0,0,0,0,0,0,0,0
2020,7,9,0,0,0,0,0,0,0,0,0,0,0,0,0,0,0,0,0,0,0,0,0,0,0,0,0,0,0,0,0,0,0,NA,0,0,0,0,0,0,0,0,0,0,0,0,0,0,0,0,0,0,0,0,0,NA,0,0,0,0,0,0,0,0,0,0,NA,0,0,0,0,0,0,0,0,0,0,0,0,0,0,0,0,0,0,0,0,0,0
2020,7,10,0,0,0,0,0,0,0,0,0,0,0,0,0,0,0,0,0,0,0,0,0,0,0,0,0,0,0,0,0,0,0,NA,0,0,0,0,0,0,0,0,0,0,0,0,0,0,0,0,0,0,0,0,0,NA,0,0,0,0,0,0,0,0,0,0,NA,0,0,0,0,0,0,0,0,0,0,0,0,0,0,0,0,0,0,0,0,0,0
2020,7,11,0,0,0,0,0,0,0,0,0,0,0,0,0,0,0,0,0,0,0,0,0,0,0,0,0,0,0,0,0,0,0,NA,0,0,0,0,0,0,0,0,0,0,0,0,0,0,0,0,0,0,0,0,0,0,0,0,0,0,0,0,0,0,0,0,NA,0,0,0,0,0,0,0,0,0,0,0,0,0,0,0,0,0,0,0,0,0,0
2020,7,12,0,0,0,0,0,0,0,0,0,0,0,0,0,0,0,0,0,0,0,0,0,0,0,0,0,0,0,0.2,0,0,0,NA,0,0,0,0,0,0,1.8,0,0,0,0,0,0,0,0,0,0,0,0,0,0,NA,0,0,0,0,0,0,0,0,0,0,NA,0,0,0,0,0,0,0,0,0,0,0,0,0,0,0,0,0,0,0,0,0,0
2020,7,13,0,0,0,0,0,0,0,0,0,0,0,0,0,0,0,0,0,0,0,0,0,0,0,0,0,0,0,0,0,0,0,NA,0,0,0,0,0,0,0,0,0,0,0,0,0,0,0,0,0,0,0,0,0,0,0,0,0,0,0,0,0,0,0,0,NA,0,0,0,0,0,0,0,0,0,0,0,0,0,0,0,0,0,0,0,0,0,0
2020,7,14,0,0,0,0,0,0,0,0,0,0,0,0,0,0,0,0,0,0,0,0,0,0,0,0,0,0,0,0,0,0,0,NA,0,0,0,0,0,0,0,0,0,0,0,0,0,0,0,0,0,0,0,0,0,0,0,0,0,0,0,0,0,0,0,0,NA,0,0,0.2,0,0,0,0,0,0,0,0,0,0,0,0,0,0,0,0,0,0,0
2020,7,15,12.4,1.4,0.2,0,3.4,0,0,10.6,1.6,6,3,6.2,2,17.4,6.6,3.4,0,1,0.6,0.4,0.8,3,9.1,4.6,6.8,15.4,0.4,0.4,1.2,0.6,3,NA,0.4,0,12,0,2.4,6,9.8,0,0,1.8,0,0,0,0.4,1.4,3.6,0.6,0,0.6,3.4,0,0,0,5.4,23.8,0,4.2,0,0.8,4.8,0,0,NA,0.2,0.2,3.8,1.8,0,0,0,0.8,15,2,0,3.2,3.8,0.6,0.2,5.6,6.6,2,3.2,0.4,3.4,16.8
2020,7,16,0,0,0.2,0,0,0,0,0.2,2,0.2,0.2,0,0,0,0.2,0.2,0.4,0,0,0.8,0,0,0,0,0,0.2,0.2,0,0,0.2,0,0.2,0,0,0,0,0,0,0.6,0,0,0,0,0,0,0,0,0,0,0,0,0.2,0,0,0,0.2,0,0,0.2,0,0,0,0,0,NA,0,0,0,0,0,0,1.8,0,0,0,0.8,0.2,0,0,0,0.2,0,0,0.2,0.2,0,0
2020,7,17,0.2,3.2,6,3.6,4,2.2,3.2,2,3.8,3.8,2.2,3.6,1.6,1.6,4.6,3.6,2,5.8,7,1.2,3.4,0.2,0.8,3.6,3.4,3.2,4,3,2.4,3.4,4,0,4.4,0,6.2,0.6,9.6,4.2,3.8,2,7.4,2.4,0.4,3.6,0.4,5.2,3.8,5.2,0.2,2,0,3.6,3.4,0,2.2,5.4,1.2,2.6,3.4,3.2,3.6,0.4,0.6,1,NA,0.8,2.4,2.4,2.4,2.6,4.6,2,4.2,2.2,8,0.8,4,2.2,2.4,4.8,1.6,1,1.8,3.6,4.8,3,3.6
2020,7,18,0,0,0,0.2,0,0,0.4,0,0,0,0,0,0.4,0.2,0,0,0,0,0.2,0,0,0,0,0,0.2,0,0,0.6,0,0,0,0,0,0,0.2,0,0,0,0.2,0.2,0,0,0,0.4,0,0,0.4,0,0,0,0,0.6,0,0.2,0.2,0,0,0.4,0.2,0,0.2,0,0,0,NA,0,0,0.2,0,0,0,0,0,0,0,0,0.2,0,0.4,0,0.2,0,0,0,0,0,0
2020,7,19,0,0,0,0,0,0,0,0,0,0,0,0,0,0,0,0,0,0,0,0,0,0,0,0,0,0,0,0,0,0,0,0,0,0,0,0,0,0,0,0,0,0,0,0,0,0,0,0,0,0,0,0,0,0,0,0,0,0,0,0,0,0,0,0,NA,0,0,0,0,0,0,0,0,0,0,0,0,0,0,0,0,0,0,0,0,0,0
2020,7,20,0,0,0,0,0,0,0,0,0,0,0,0,0,0,0,0,0,0,0,0,0,0,0,0,0,0,0,0,0,0,0,0,0,0,0,0,0,0,0,0,0,0,0,0,0,0,0,0,0,0,0,0,0,0,0,0,0,0,0,0,0,0,0,0,NA,0,0,0,0,0,0,0,0,0,0,0,0,0,0,0,0,0,0,0,0,0,0
2020,7,21,0,0,0,0,0,0,0,0,0,0,0,0,0,0,0,0,0,0,0,0,0,0,0,0,0,0,0,0,0,0,0,0,0,0,0,0,0,0,0,0,0,0,0,0,0,0,0,0,0,0,0,0,0,NA,0,0,0,0,0,0,0,0,0,0,NA,0,0,0,0,0,0,0,0,0,0,0,0.2,0,0,0,0,0,0,0,0,0,0
2020,7,22,0,0,0,0,0,0,0,0,0,0,0,0,0,0,0,0,0,0,0,0,0,0,0,0,0,0,0,0,0,0,0,0,0,0,0,0,0,0,0,0,0,0,0,0,0,0,0,0,0,0,0,0,0,NA,0,0,0,0,0,0,0,0,0,0,NA,0,0,0,0,0,0,0,0,0,0,0,0,0,0,0,0,0,0,0,0,0,0
2020,7,23,0,0,0,0,0,0,0,0,0,0,0,0,0,0,0,0,0,0,0,0,0,0,0,0,0,0,0,0,0,0,0,0,0,0,0,0,0,0,2.4,0,0,0,0,0,0,0,0,0,0,0,0,0,0,NA,0,0,0,0,0,0,0,0,0,0,NA,0,0,0,0,0,0,0,0,0,0,0,0,0,0,0,0,0,0,0,0,0,0
2020,7,24,0,0,0,1.8,17,3,5.4,6,0,25.6,11,9.8,9.4,11.6,10.2,11,0.8,1.6,4.6,0,0,0,0,13.6,15.2,10.2,2.6,5.8,15.2,0,19.2,0,8,0,0.2,5.8,6.6,2,14.2,1.4,0,14.8,0,4,0,8.6,7.2,3.4,0,1,0,13.2,0.6,0,0,25.2,0.2,2,9.8,2.4,11.4,0,0,0,NA,0.2,2,7.6,0,9.8,5.6,1,4.8,16.2,6.8,0,10.8,18.4,13.4,0,3.4,0,0,0.8,9,5,8
2020,7,25,0,0.2,0,0,0.2,0.2,0,0.2,0,0.2,0,0,0,0,0,0,0,0,0,0,0,0,0,0,0,0,0.2,0.2,0,0,0,0,0,0,0,0,0,0,0,0.2,0,0,0,0.2,0,0,0,0,0,0,0,0,0,0,0,0,0,0,0.2,0,0.2,0,0,0,NA,0,0,0,0,0.2,0,0,0,0.2,0.2,0,0.2,0,0,0,0,0,0,0,0.2,0,0
2020,7,26,0,0,0,0,0,0,0,0,0,0,0,0,0,0,0,0,0,0,0,0,0,0,0,0,0,0,0,0,0,0,0,0,0,0,0,0,0,0,0,0,0,0,0,0,0,0,0,0,0,0,0,0,0.2,0,0,0,0,0,0,0,0,0,0,0,NA,0,0,0,0,0,0,0,0,0,0,0,0,0,0,0,0,0,0,0,0,0,0
2020,7,27,0,0,0,0,0,0,0,0,0,0,0,0,0,0,0,0,0,0,0,0,0,0,0,0,0,0,0,0,0,0,0,0,0,0,0,0,0,0,0,0,0,0,0,0,0,0,0,0,0,0,0,0,0,0,0,0,0,0,0,0,0,0,0,0,NA,0,0,0,0,0,0,0,0,0,0,0,0,0,0,0,0,0,0,0,0,0,0
2020,7,28,0,0,0,0,0,0,0,0,0,0,0,0,0,0,0,0,0,0,0,0,0,0,0,0,0,0,0,0,0,0,0,0,0,0,0,0,0,0,0,0,0,0,0,0,0,0,0,0,0,0,0,0,0,0,0,0,0,0,0,0,0,0,0,0,NA,0,0,0,0,0,0,0,0,0,0,0,0,0,0,0,0,0,0,0,0,0,0
2020,7,29,0,0,0,0,0,0,0,0,0,0,0,0,0,0,0,0,0,0,0,0,0,0,0,0,0,0,0,0,0,0,0,0,0,0,0,0,0,0,0,0,0,0,0,0,0,0,0,0,0,0,0,0,0,NA,0,0,0,0,0,0,0,0,0,0,NA,0,0,0,0,0,0,0,0,0,0,0,0,0,0,0,0,0,0,0,0,0,0
2020,7,30,0,0,0,0,0,0,0,0,0,0,0,0,0,0,0,0,0,0,0,0,0,0,0,0,0,0,0,0,0,0,0,0,0,0,0,0,0,0,0,0,0,0,0,0,0,0,0,0,0,0,0,0,0,0,0,0,0,0,0,0,0,0,0,0,NA,0,0,0,0,0,0,0,0,0,0,0,0,0,0,0,0,0,0,0,0,0,0
2020,7,31,0,0,0,0,0,0,0,0,0,0,0,0,0,0,0,0,0,0,0,0,0,0,0,0,0,0,0,0,0,0,0,0,0,0,0,0,0,0,0,0,0,0,0,0,0,0,0,0,0,0,0,0,0,0,0,0,0,0,0,0,0,0,0,0,NA,0,0,0,0,0,0,0,0,0,0,0,0,0,0,0,0,0,0,0,0,0,0
2020,8,1,0,0,0,0,0,0,0,0,0,0,0,0,0,0,0,0,0,0,0,0,0,0,0,0,0,0,0,0,0,0,48.4,0,0,0,0,0,0,0,0,0,0,0,0,0,0,0,13.6,0,0,0,0,0,0,0,0,0,0,0,6,0,0,0,0,0,NA,0,0,12,0,0.8,0,0,0,0,0,0,0,0,0,0,6.2,0,0,0,0,0,0
2020,8,2,0,0,0,0,0,0,0,0,0,0,0.4,0,0,0,0,0,0,0,0,0,0,0,0,0,0,0,0,0,0,0,1.6,0,0,0,0,0,0,0,0,0,0,0,0,0,0,0,0,0,0,0,0,0,0,NA,0,4.4,0,0,0,0,0,0,0,0,NA,0,0,0.8,0,0,0,0,0,0,0,0,0,4.4,0,0,0.2,0,0,0,0,0,0
2020,8,3,0,0,0,9.2,30.6,32.6,2.2,0.2,0,0,7.4,0.2,10.8,1.8,8.6,0,0,0,0,0,1.6,0,0,0,0,0,0,9.2,0,0,0,0,0,0,0,28.6,0.6,12.4,0.2,29,0,0,0,0,0,0,0,0,0,0.8,0,4,0,0,0,0,0,32,3.8,0,0,0,0,0,NA,0,1.2,0.2,0,0,0,0,9.6,0.8,15.8,0,12.6,0,6.4,0,0,0,0,0,0,0,0.2
2020,8,4,0,29.9,21.2,4.6,16,4.4,8.6,1.6,8.2,13,8.6,4,3.6,5.4,3.6,29,10,32.8,0.4,7.6,10,0,0,9.6,7.8,9.6,13.6,15.2,13.2,16.2,2.4,16.4,1.4,0,11,0,2.4,1.2,26.8,2,10.8,8.2,0,0,0.4,25.8,47,5.4,0.8,1.4,0.2,2.6,6.8,1.4,0,17.2,2.6,5.8,5,13.8,6.6,2.8,0,0,NA,0,15.2,1.6,6,7.6,22.2,4.2,5.8,4.4,0.8,1,3,6,8.6,43.8,0,0,0,4.2,0.6,7,6.2
2020,8,5,0,0,0,0.4,0,0.2,0.2,0.6,0,1.6,0,0.6,0,0,0,0,0,0,1.6,0,0,0,0,1.4,1.6,0.6,0.4,2.4,0,0.2,5.2,0,0,0,0,0,0,0,6,0.6,1.2,0,0,1,0,0,0,0,0,0,0,0.8,0,0,0,2.4,0,0,0,0,0.6,0,0,0,NA,0,0.2,4.6,0,0,0,0.2,0,0,0,0,0.2,0,0.6,0,0.6,0.2,0,0,0,0,1.4
2020,8,6,0,0,0,0.2,0,0,0,0,0,0,0,0,0,0,0.2,0,0,0,0,0,0,0,0,0,0,0,0,0.4,0,0,0,0,0,0,0,0,0,0,2.4,0,0,0,0,0.2,0,0,0.2,0,0,0,0,0,0.4,NA,0,0,0,0,0,0,0,0,0,0,NA,0,0,0.2,0,0,0,0,0.2,0,0,0,0,0,0,0,0,0,0,0,0,0,0
2020,8,7,0,0,0,0.2,0,0,0,0,0,0,0,0,0,0,0,0,0,0,0,0,0,0,0,0,0,0,0,0,0,0,0,0,0,0,0,0,0,0,0,0,0,0,0,0,0,0,0,0,0,0,0,0,0,0,0,0,0,0,0,0,0,0,0,0,NA,NA,0,0,0,0,0,0,0,0,0,0,0,0,0,0,0,0,0,0,0,0,0
2020,8,8,0,0,0,0,0,0,0,0,0,0,0,0,0,0,0,0,0,0,0,0,0,0,0,0,0,0,0,0,0,0,0,0,0,0,0,0,0,0,0,0,0,0,0,0,0,0,0,0,0,0,0,0,0,NA,0,0,0,0,0,0,0,0,0,0,NA,NA,0,0,0,0,0,0,0,0,0,0,0,0,0,0,0,0,0,0,0,0,0
2020,8,9,0,0,0,0,0,0,0,0,0,0,0,0,0,0,0,0,0,0,0,0,0,0,0,0,0,0,0,0,0,0,0,0.2,0,0,0,0,0,0,0,0,0.4,0,0,0,0,0,0,0,0,0,0.2,0,0,0,0,0,0,0,0,0,0,0,0,0,NA,NA,0,0,0,0,0,0,0,0,0,0,0,0,0,0,0,0,0,0,0,0,0
2020,8,10,0,0,0,0,0,0,0,0,0,0,0,0,0,0,0,0,0,0,0,0,0,0,0,0,0,0,0,0,0,0,0,0.2,0,0,0,0,0,0,0,0,0,0,0,0,0,0,0,0,0,0,0,0,0,0,0,0,0,0,0,0,0,0,0,0,NA,NA,0,0,0,0,0,0,0,0,0,0,0,0,0,0,0,0,0,0,0,0,0
2020,8,11,4.4,0,0,0,0,0,0,0,0,0,0,0,0,0,0,0,0,0,0,0,0,1.8,0,0,0,0,0,0,0,0,1.8,14.2,0,0,0,0,0,0,0,0,0,0.2,0,0,0,0,0,0,0,0,1.6,0,0,0,0,0,3.6,0,0,0,0,32.2,0,0,NA,NA,2,0,0.4,0,0,0,0,0,0,0,0,0,0,0,5.6,0,0,0,0,0,0
2020,8,12,0,0,0,0,0,0,0,0,3.2,0,0,0,0,0,0,0,0.2,0,0,0.8,0,0,0,0,0,0,0,0,0,0,0,0.2,0,0,0,0,0,0,1.2,0,0,0,0,0,0,0,0,0,0,0,0,0,0,0,0,0,0,0,0,0,0,0.2,0,0,NA,NA,0,0,0,0,0,0,0,0,0,0,0,0,0,0,0,0,0,0,0,0,0
2020,8,13,0,0,0,0,0,0,0,0,0,0,0,0,0,0,0,0,0,0,0,0,0,0,0,0,0,0,0,0,0,0,0,0,0,0,0,0,0,0,0,0,0,0,0,0,0,0,0,0,0,0,0,0,0,0,0,0,0,0,0,0,0,0,0,0,NA,NA,0,0,0,0,0,0,0,0,0,0,0,0,0,0,0,0,0,0,0,0,0
2020,8,14,0,21.4,17,0,0,0,0,0,0.6,0.2,0,0,0,0,0,6.2,0.6,0,4.6,1.8,36.8,12.2,0,0,0,0,0,0,0,30.2,0,1.6,0,2.8,11.4,0,0.2,0,0,0,62.6,0,3.4,1.2,5.6,0,0,0,1.2,0,5,0,0.4,3.6,0,0,4.8,0,0,7.2,0.4,3.8,0,0,NA,NA,0,0,10,0,0.4,2.4,0,0,0.4,0.8,0,0,0,12.6,1.6,0.8,0,2.8,0,0,0
2020,8,15,0,0.2,0,0,0,0.8,0,0,0,0,0,0,0,0,0,0,0,0,0,0,0.2,0,0,0,0,0,2.6,12.2,0,0.2,0,0.2,0,0.2,0.2,0,0,0,0,0,0,0,0,0.2,0,0,0,0,0,0,0.2,0,0,NA,0,0,0.2,0,0,0,0.2,0,0,0,NA,NA,0,0.2,0,0,0,0,0,0,0,0,0,0,0,0,0.2,0.8,0,0,0,0,0
2020,8,16,0,0,0,0,0,0,0,0,0,0,0,0,0,0,0,0,0,0,0,0,0,0,0,0,0,0,0.2,0.2,0,0,0,0,0,0,0.2,0,0,0,0,0,0,0,0,0,0,0,0,0,0,0,0,0,0,0,0,0,0,0,0,0,0,0,0,0,NA,NA,0,0,0,0,0,0,0,0,0,0,0.2,0,0,0,0,0,0,0,0,0,0
2020,8,17,0,15.5,0,0,0,0,0,0,0.4,4.8,0,0,0,0,0,2.6,12,0.6,0,0,11.6,0,0,0,0,0.6,0,0,0,2.2,0,0.8,9.6,0,0,0,0,0,4.2,0,18.8,0,0,0,0,0,0,0,0,0,0,0,0.8,5,0.2,1.6,0,0,0,3.6,0.2,4.8,0,0,NA,NA,0.8,0,6.8,1.8,6,26.8,0,0,0,0,0,0,0,3.4,0,1.4,4.4,0,8,1.4,0.6
2020,8,18,1.4,0,0,0,0,0,0,0,0.2,0,0,0,0,0,0,0,0,0,0,0,0,1.4,2.4,0,0,0,0,0,0,0,0,0.4,0,5.6,0,0,0,0,1.2,0,0,0,5,0,12,0,0.4,0,1.6,0,1.6,0,0,0.6,2.2,0,0,0,0.2,0,0.4,0,0,0.6,NA,NA,0,0,4.2,0,0,0,0,0,0,8.2,0,0,0,0,0,0.4,14.2,0,0,0,0
2020,8,19,0,0,0,0,0,0,0,0,0,0,0,0,0,0,0,0,0,0,0,0,0,0,0,0,0,0,0,0,0,0,0,0.2,0,0,0,0,0,0,0,0,0,0,0,0,0,0,0,0,0,0,0,0,0,0,0,0,0,0,0,0,0.2,0,0,0,NA,NA,0,0,0,0,0,0,0,0,0,0,0,0,0,0,0,0,0,0,0,0,0
2020,8,20,0,0,0,0,0,0,0,0,0,0,0,0,0,0,0,0,0,0,0,0,0,0,0,0,0,0,0,0,0,0,0,0,0,0,0,0,0,0,0,0,0,0,0,0,0,0,0,0,0,0,0,0,0,0,0,0,0,0,0,0,0,0,0,0,NA,NA,0,0,0,0,0,0,0,0,0,0,0,0,0,0,0,0,0,0,0,0,0
2020,8,21,0,0,0,0,0,0,0,0,0,0,0,0,0,0,0,0,0,0,0,0,0,0,0,0,0,0,0,0,0,0,0,0,0,0,0,0,0,0,0,0,0,0,0,0,0,0,0,0,0,0,0,0,0,0,0,0,0,0,0,0,0,0,0,0,NA,NA,0,0,0,0,0,0,0,0,0,0,0,0,0,0,0,0,0,0,0,0,0
2020,8,22,0,0,0,0,0,0,0,0,0,0,0,0,0,0,0,0,0,0,0,0,0,0,0,0,0,0,0,0,0,0,0,0,0,0,0,0,0,0,0,0,0,0,0,0,0,0,0,0,0,0,0,0,0,0,0,0,0,0,0,0,0,0,0,0,NA,NA,0,0,0,0,0,0,0,0,0,0,0,0,0,0,0,0,0,0,0,0,0
2020,8,23,0,0,0,0,0,0,0,0,0,0,0,0,0,0,0,0,0,0,0,0,0,0,0,0,0,0,0,0,0,0,0,0.4,0,0,0,0,0,0,4.2,0,0,0,0,0,0,0,0,0,0,0,0,0,0,0,0,0,0,0,0,0,0,0,0.8,0,NA,NA,0,0,0,0,0,0,0,0,0,0,0,0,0,0,0,0,0,0,0,0,0
2020,8,24,8.8,7.1,0.4,2,1.4,16.8,12,23.6,39.8,10.2,31.6,30.6,0.4,11.2,0.6,3.6,2.4,18.8,22.8,8.2,12.4,15.6,1.2,25.4,29,34.2,26.8,2.6,34.8,25.2,19,1,6.4,3.2,1.8,7.8,0,10.4,0.4,8.4,28,25.8,0.6,12,0,18.8,1.2,17.6,17.6,10.2,4.4,3.2,10.4,NA,0,25.2,13.8,17.2,1.4,5.4,27,10.2,0,0,NA,NA,14.4,13.2,5.6,24.2,22.6,14,0.8,20.4,7.4,14,12.8,38.4,6.6,7.8,28.6,16,11.8,5.6,5.4,18.6,37.6
2020,8,25,0,0,0,1.4,0,0.2,0.2,0.2,0,0.2,0.2,0.2,0,0,0.2,0.2,0.2,0,0.2,0,0.2,0,0,0,0,0,0.2,0.2,0.2,0.2,0,0,0,0,0.2,0,0,0,0,0.4,0,0.2,0,0.2,0,0,0,0,0.2,0,0,0,0,NA,0,0,0,0.2,0,0,0.2,0.2,0,0,NA,NA,0,0.4,0.2,0.2,0,0,0,0,0.2,0.2,0.2,0,0,0.2,0,0,0.2,0,0.2,0.2,0.2
2020,8,26,0,0,0,0,0,0,0,0,0,0,0,0,0,0,0,0,0,0,0,0,0,0,0,0,0,0,0,0.2,0,0,0,0,0,0,0,0,0,0,0,0,0,0,0,0,0,0,0,0,0,0,0,0,0,NA,0,0,0,0,0,0,0,0,0,0,NA,NA,0,0,0,0,0,0,0,0,0,0,0,0,0,0,0,0,0,0,0,0,0
2020,8,27,0,0,0,0,0,0,0,0,0,0,0,0,0,0,0,0,0,0,0,0,0,0,0,0,0,0,0,0,0,0,0,0,0,0,0,0,0,0,0,0,0,0,0,0,0,0,0,0,0,0,0,0,0,0,0,0,0,0,0,0,0.2,0,0,0,NA,NA,0,0,0.2,0,0,0,0,0,0,0,0,0,0,0,0,0,0,0,0,0,0
2020,8,28,0,0,0,0,0,0,0,0,0,0,0,0,0,0,0,0,0,0,0,0,0,0,0,0,0,0,0,0,0,0,0,0,0,0,0,0,0,0,0,0,0,0,0,0,0,0,0,0,0,0,0,0,0,0,0,0,0,0,0,0,0,0,0,0,NA,NA,0,0,0,0,0,0,0,0,0,0,0,0,0,0,0,0,0,0,0,0,0
2020,8,29,0.4,0,0,0,0,0,0,0,0,0,0,0,0,0,0,0,0,0,0,0,0,0,0,0,0,0,0,0,0,0,0,0,0,0,0,0,0,0,0,0,0,0,0,0,0,0,0,0,0.4,0,0,0,0,0,0,0,0,0,0,0,0,0,0,0,NA,NA,0,0,0,0,0,0,0,0,0,0,0,0,0,0,0,0.2,0.2,0,0,0,0
2020,8,30,19.8,20.1,10.2,7.6,9.4,6.6,34.4,12.4,22.4,51.6,16,54.8,13.4,24.4,9,48,42.4,18,46.2,30.8,41.4,12.4,36.2,15,13,58,40.4,52.2,13.4,55.2,3.2,1.8,22.8,63.6,11.6,20.2,13.2,13.6,9.8,12.6,51,11.8,64.8,9.8,39.8,30.4,10,45.6,14.2,29,18.4,30.2,14.8,1.6,53.2,37.2,21.4,11,12.6,40.4,39.6,2.2,3.2,21.2,NA,NA,30.4,8.6,48.8,29.6,24.6,50.6,6.2,47.8,13.4,35.4,47,18.6,46,11.8,5,28,27.2,7.4,21.6,29.4,63.4
2020,8,31,28.2,30.1,24.6,13,26.6,27.6,27.6,40,31.8,34.2,38.2,30.6,38.6,39,23,31,50.8,30,23.2,24.6,29.6,33.4,30,54.2,49.2,29.6,31.4,33.2,35,26.2,4.8,32.8,21.4,37.2,26,29.4,26,22,13.8,31.4,29.8,30,47.4,18.4,38,54.4,21,35.4,37.6,27,31.2,39.4,28.6,26,54,34.8,34.4,27.4,24,40.8,34.4,41.8,24.8,31.4,NA,NA,21.6,30.2,46.2,29.4,37,41.6,24.6,34.8,24.6,31.8,29,38,34.2,32.2,18.2,31,36.6,24,28.2,23.4,32.6
2020,9,1,0,0.2,0.2,24,0,0.2,0.2,0.2,0.2,0.2,0.2,0.2,0.2,0.2,0.2,0,0,0.2,0,0,0,0.4,0,0,0.2,0,0.2,0.2,0.2,0.2,0,0,0.2,0.2,0.2,0,0,0,0,0,0,0,0.4,0,0.2,0.2,0,0.2,0,0,0,0.2,0.2,0.2,0.2,0,0.2,0,0,0.2,0,0,0.2,0.2,NA,NA,0,0,0.2,0.2,0,0,0.2,0.2,0,0.2,0,0.2,0.2,0.2,0,0,0.2,0,0.2,0.2,0
2020,9,2,0,0,0.2,5,0,0,0,0,0,0,0,0,0,0,0,0,0,0,0,0,0,0,0.6,0,0,0,0,0,0,0,0,0,0,0,0.2,0,0,0,0,0,0,0,0,0,0,0,0,0,0.2,0,0,0,0,0,0.2,0,0,0.2,0,0,0,0,0,0,NA,NA,0,0.2,0.2,0,0,0,0,0,0,0,0.2,0,0,0,0.2,0,0,0,0,0,0
2020,9,3,0,0.2,0,0.4,0.4,0.2,0,0,0,0,0,0.4,0,0,0.4,0,0,0,0.2,0,0,0,0,0,0,0,1,0.2,0,0.2,0,0,0,0.2,0.2,0,0,0,0,0,0,0,0,0.2,0.2,0,0,0,0,0,0,0,0,0,0,0,0,0,0,0.2,0.2,0.2,0.2,0,NA,NA,0,0.2,0.2,0,0,0,0,0,0,0,0,0,0,0,0,0,0,0,0,0,0
2020,9,4,0,0,0,0,0,0,0,0,0,0,0,0,0,0,0,0,0,0,0,0,0,0,0,0,0,0,0.2,0,0,0,0,0,0,0,0,0,0,0,0,0.2,0,0,0,0,0,0,0,0,0,0,0,0,0,0,0.2,0,0,0,0,0,0.2,0,0,0,NA,NA,0,0.4,0,0,0,0,0,0.2,0,0,0.2,0,0,0,0,0,0,0,0,0,0
2020,9,5,0,0,0,0,0,0,0,0,0,0,0,0,0,0,0,0,0,0,0,0,0,0,0,0,0,0,0,0,0,0,0,0,0,0,0,0,0,0,0,0,0,0,0,0,0,0,0,0,0,0,0,0,0,0,0,0,0,0,0,0,0,0,0,0,NA,NA,0,0,0,0,0,0,0,0,0,0,0,0,0,0,0,0,0,0,0,0,0
2020,9,6,0,0,0,0,0,0,0,0,0,0,0,0,0,0,0,0,0,0,0,0,0,0,0,0,0,0,0,0,0,0,0,0,0,0,0,0,0,0,0,0,0,0,0,0,0,0,0,0,0,0,0,0,0,0,0,0,0,0,0,0,0,0,0,0,NA,NA,0,0.2,0,0,0,0,0,0,0,0,0,0,0,0,0,0,0,0,0,0,0
2020,9,7,0,0.2,0,0,0,0,0,0,0,0,0,0,0,0,0,0,0,0,0,0,0,0,0,0,0,0,0,0,0,0,0,0,0,0,0.2,0,0,0,0,0,0,0,0,0,0,0,0,0,0,0,0,0,0,0,0,0,0,0,0,0.2,0.2,0,0,0,NA,NA,0,0.2,0,0,0,0,0,0,0,0,0,0,0,0,0.2,0,0,0,0,0,0
2020,9,8,0,0,0,0,0,0,0,0,0,0,0,0,0,0,0,0,0,0,0,0,0,0,0,0,0,0,0,0,0,0,0,0,0,0,0,0,0,0,0,0,0,0,0,0,0,0,0,0,0,0,0,0,0,NA,0,0,0,0,0,0,0,0,0,0,NA,NA,0,0,0,0,0,0,0,0,0,0,0,0,0,0,0,0,0,0,0,0,0
2020,9,9,0,0,0,0,0,0,0,0,0,0,0,0,0,0,0,0,0,0,0,0,0,0,0,0,0,0,0,0,0,0,0,0,0,0,0,0,0,0,0,0,0,0,0,0,0,0,0,0,0,0,0,0,0,NA,0,0,0,0,0,0,0,0,0,0,NA,NA,0,0.4,0,0,0,0,0,0,0,0,0,0,0,0,0,0,0,0,0,0,0
2020,9,10,0,0,0,0,0,0,0,0,0,0,0,0,0,0,0,0,0,0,3,0,1.4,0,0,0,0,0,0,0.2,0,1.6,8.2,11.6,0,0,0,0,0,0,0,0,0.8,0,0,2.4,0,0,0,0,0,0,0,0,0,17,0,0,2.6,0,0,0,1,24.2,0,0,NA,NA,0.6,5.2,0,0,0,0,0,0,0,0,0,0,0,0,3,0.2,0,0,0,0.4,0
2020,9,11,0,0,0,0,0,0,0,0,0,0,0,0,0,0,0,0,0,0,0,0,0,0,0,0,0,0,0,0,0,0.2,0,0.2,0,0,0,0,0,0,0,0,0,0,0,0.2,0,0,0,0,0,0,0,0,0,0.2,0,0,0,0,0,0,0,0.2,0,0,NA,NA,0,0.2,0,0,0,0,0,0,0,0,0,0,0,0,0.2,0,0,0,0,0,0
2020,9,12,0,0,0,0,0,0,0,0,0,0,0,0,0,0,0,0,0,0,0,0,0,0,0,0,0,0,0,0,0,0,0,0,0,0,0,0,0,0,0,0,0,0,0,0,0,0,0,0,0,0,0,0,0,0,0,0,0,0,0,0,0.2,0.2,0,0,NA,NA,0,0.2,0,0,0,0,0,0,0,0,0,0,0,0,0,0,0,0,0,0,0
2020,9,13,0,0,0,0,0,0,0,0,0,0,0,0,0,0,0,0,0,0,0,0,0,0,0,0,0,0,0,0,0,0,0,0,0,0,0,0,0,0,0,0,0,0,0,0,0,0,0,0,0,0,0,0,0,0,0,0,0,0,0,0,0,0,0,0,NA,NA,0,0,0,0,0,0,0,0,0,0,0,0,0,0,0.2,0,0,0,0,0,0
2020,9,14,0,0,0,0,0,0,0,0,0,0,0,0,0,0,0,0,0,0,0,0,0,0,0,0,0,0,0,0,0,0,0,0,0,0,0,0,0,0,0,0,0,0,0,0,0,0,0,0,0,0,0,0,0,0,0,0,0,0,0,0,0,0,0,0,NA,NA,0,0,0,0,0,0,0,0,0,0,0,0,0,0,0,0,0,0,0,0,0
2020,9,15,3.2,0,0,0,0,0,0,0,0,0,0,0,0,0,0,0,0,0,0,0,0,10.8,0,0,0,0,0,0,0,0,0,0.4,0,0,0,0,0,0,0,0,0,0,0,0,0,0,0,0,5.8,0,5,0,0,0,0,0,0,0,0,0,0,0,12.8,1.4,NA,NA,0,0,0,0,0,0,0,0,0,0,0,0,0,0,0.6,0,0,0,0,0,0
2020,9,16,0,0,0,0.2,0,0,4,2.2,0,0,0,0,0,0.2,0,0.8,0,0,33.6,0,0,0.2,0,2.2,6.4,0,0,0,0,0,0,0,0,0,0,0,0,0,0,0,0,0,0,2.6,0,0,0.8,4.2,0.4,0,0,0,0,0,0,0,0,0,0,0,2.2,2.4,0.2,0.2,NA,NA,0.8,1,0,0,0,0,0,0,0,0,0,0,0,0,24.8,0,0,0,0,5.2,0
2020,9,17,0,0,0,0,0,0,0,0,0,0,0,0,0,0,0,0,0,0,0.2,0,0,0,0,0,0,0,0,0,0,0,0,0,0,0,0,0,0,0,0,0,0,0,0,0.2,0,0,0,0,0,0,0,0,0,0,0,0,0,0,0,0,0.2,0,0,0,NA,NA,0,0.2,0,0,0,0,0,0,0,0,0,0,0,0,0,0,0,0,0,0,0
2020,9,18,0,0,0,0,0,0,0,0,0,0,0,0,0,0,0,0,0,0,0,0,0,0,0,0,0,0,0,0,0,0,0,0,0,0,0,0,0,0,0,0,0,0,0,0,0,0,0,0,0,0,0,0,0,0,0,0,0,0,0,0,0.2,0,0,0,NA,NA,0,0.2,0,0,0,0,0,0,0,0,0,0,0,0,0.2,0,0,0,0,0,0
2020,9,19,0,0,0,0,0,0,0,0,0,0,0,0,0,0,0,0,0,0,0,0,0,0,0,0,0,0,0,0,0,0,0,0,0,0,0,0,0,0,0,0,0,0,0,0,0,0,0,0,0,0,0,0,0,0,0,0,0,0,0,0,0,0,0,0,NA,NA,0,0.4,0,0,0,0,0,0,0,0,0,0,0,0,0,0,0,0,0,0,0
2020,9,20,0,0,0,6.2,4.8,14.6,16.6,14.6,1,5.4,5.4,3.8,9.4,7.2,6.4,0.2,2,0,0.2,1,34.4,0,0,2,2,6.6,7,5.4,2.4,0.8,0,0,6.4,0,0.6,17.8,41.6,12.4,28.8,23,2.4,0.6,0,0.4,0.4,13.8,10.2,19.6,0.2,20.4,0.4,9.2,0.4,0,0.2,3.2,0,14.6,9.4,0.2,4.2,0,0.8,2.8,NA,NA,10.8,5,0,33.8,0,0,9.4,7.2,37.6,0.4,2,7.4,2.4,0,4.6,0,0,3.8,8.6,5.8,5.2
2020,9,21,19,5.6,1.8,7,8.2,1,6,13.2,0,1,6.6,4.8,10.4,10,9.4,0.6,0.2,25.4,2,6.2,1.8,1.8,0.2,23.4,12,1,25.6,28.2,8.6,1.4,0.2,3.4,1.2,0.6,0.2,0.2,0.2,8.4,2.2,9.2,2.8,10.4,0.6,11.6,3.2,10.2,0.8,7.6,5.2,10.8,1.2,46.4,32.8,0,2,0.4,1.6,9,19.2,4.2,3.6,2.2,6,2.4,NA,NA,2.4,19,1,33.2,9.6,1,11.4,8.4,0.6,0.6,58.8,15,28,1.4,0.8,6,0.4,0,1.8,2.4,1.8
2020,9,22,29.4,0.8,1.6,2.6,5.4,13.4,6,13.4,12.6,14.8,9,0.8,5,10,1.6,3.8,8.4,7.2,6.8,6.2,8.8,63.2,12.8,6.6,9.4,0,1.6,27.4,9.2,10.4,0.2,14.2,0,29.6,0.8,11.4,45.4,2.8,4.4,35.8,7.4,3,28.4,4.4,10.8,3.8,2.6,3.6,30.2,3,17,8.4,9,9.6,27.2,6.8,11.4,3.2,2.2,8,6,16.2,2.2,30.2,NA,NA,6.6,5.2,9,0.2,9.6,3.2,1.6,2.8,1,8.8,2.8,2.8,5.4,0.6,3.2,38.6,6.8,0.2,0,9.2,0.2
2020,9,23,2,8.7,9,3.4,4,10,7.6,6.8,26.4,11.4,2.6,3.8,9.6,13.4,8.2,6.8,7.4,23.2,10,4.6,4.6,4.6,1.8,6.6,8.6,4.6,22.6,35.6,14.8,14.4,1,9.8,2.4,4.4,24.4,2,9.8,9,0.8,6.2,6.4,16.4,7.6,12,5.2,8,2.2,11.6,5.4,6,8.4,10,8.8,11.8,2.8,4.2,17,5,2.8,31.4,17,13.4,13.2,4,NA,NA,7.8,12.4,1,7,14.6,26.6,4,7.4,16.8,0.8,55.2,4.2,40.4,9,10.4,10.2,0.8,13.4,3.2,13.2,5.4
2020,9,24,18.8,0.4,1,2.2,3.2,1.4,0,0.2,0.2,0.2,0.2,0.2,2.8,0,3.4,0.2,0.2,0.2,0.8,0.2,0.2,3.6,1,0,0,0.2,0,2.2,0.2,1,0.8,4.4,0.2,0.2,0.6,1.6,6.4,6.4,23.4,6.8,0.8,3.2,0,0.2,0.2,0.2,9.8,2.4,14.6,0.2,11.6,0,0.2,7.4,0,0.2,11,1.2,5.2,0.2,0,8.2,0.2,0.8,NA,NA,0,0,0.2,0.2,0.2,0.2,1,0.2,1,0.2,0,0.2,0.6,0.8,2,7.4,2.4,0.2,0,0.2,0.2
2020,9,25,6.6,54.1,35.8,38.8,37.4,37.8,69.2,52.8,20.2,37.8,46.2,68,63.2,107.4,19.4,54.8,29,45.6,22.4,20.6,14.4,9.2,7.7,36.4,52.6,63.2,85.4,75.6,60.8,27.6,0.2,7.6,64.2,18,43.2,71.6,58.4,63.8,39.2,67.4,16.6,47,17.6,21.6,22.2,42,22.8,64.8,11.8,68.6,5.6,102.2,24.6,37.6,25,37.2,16.8,42.2,24.6,67.6,75.4,10.4,2.6,4,NA,NA,15,18.4,21.8,95.2,36,50.4,53.4,77.6,58.6,22,81.6,33.4,71.6,44.8,20.8,14.6,19,48.2,67.6,26,66.6
2020,9,26,1.6,6.6,6,16.8,8,11,1.6,0.2,0.6,0.4,1.4,6.8,0.6,5.8,5.6,1.8,0,0,2.4,1,0.4,5.8,2.2,5,4.6,5,2.6,0.4,5.6,2.8,0,3,4,1.2,6.2,9.2,1,7.2,3.8,4.4,1.2,4,2.4,2.4,1.4,2,7.2,32,13.2,5,4.6,0.2,0.6,8.4,1,3,1.6,15.4,7.4,1.2,0.4,5,0.4,5.4,NA,NA,1.6,4.2,0,8.4,1.2,0.4,4.8,2.2,1.4,0.4,1.4,0.8,0.4,6.6,4,0.2,1.6,3.2,4.2,2.6,4.8
2020,9,27,23.6,27.2,26.4,7.2,28.4,30,22.6,27.8,29.2,23.2,24.4,20.4,22.8,21.2,30,21.8,25.8,33.6,32.6,28.6,33.4,27.2,24.8,34.2,29.4,21.2,23.6,22.8,27.6,33,0,38.2,25.8,33.2,26.6,29,25.6,26.8,29.6,23,41,25.8,38.8,31.4,27.6,26.2,23.4,25.4,31,24.6,30.2,24.8,30.8,39.6,26,21,36.8,32.8,28.8,32.2,31.8,43.6,26,23,NA,NA,31,31.2,0,23.6,31.6,26.6,27.4,23.6,26,27,21.2,24.8,19.6,27.8,34.2,41.6,27.2,25.8,28.8,30.8,21.6
2020,9,28,0,0.2,0,5.4,3.6,0.4,2.6,0.4,0,0,0,0,4.8,1,1.6,0.8,0,0,0.6,0,0.2,0.6,0.2,2.4,0.2,0.4,0.6,8.8,0,1.4,0.2,0.4,1.8,0.8,3,0.6,4.6,4.6,0.2,12,0.2,8.4,0.8,0,2.6,0.2,0.6,0.4,0.4,0.4,0.8,0.6,0,1,0.8,0.2,2.2,0.6,1.6,0.2,0.2,0.8,0.6,0.2,NA,NA,0.6,0.8,0,0.8,0.2,0.2,8.6,1,3.2,0.2,0.2,0.2,1.8,0,0.8,1,0,2.6,2,0.2,0.4
2020,9,29,0,0.2,0.2,5.6,0.2,0,0.2,0.2,0,0.2,0,0,0.2,0,0.2,0.2,0,0,0,0,0,0,0,0.2,0,0.2,0.2,0.4,0,0.2,0,0,0.2,0,0.2,0,0,0,0,0.2,0,0,0.2,0,0,0,0,0,0.2,0.2,0,0,0,0.2,0,0,0,0,0.2,0.2,0,0,0.2,0.2,NA,NA,0,0,0,0.2,0,0,0.2,0,0.2,0.2,0.2,0,0.2,0.2,0,0,0,0.2,0.2,0,0.2
2020,9,30,0,0.2,0.2,4,0,0.2,0,0,0,0,0.2,0,0,0,0,0.2,0,0,0,0,0,0,0,0.2,0,0,0.2,0,0,0,0,0,0,0.2,0,0,0,0,0,0,0,0,0,0.2,0.2,0,0,0,0,0,0,0,0,0,0.2,0,0,0.2,0,0,0.2,0.2,0.2,0,NA,NA,0,0.2,0,0,0,0,0,0,0,0,0,0,0,0,0.2,0,0,0,0,0,0
2020,10,1,0,0,0,3.4,0,0,0,1.2,0,0,0,0,0,0,0.2,0,0,0,0,0,0.2,0,0,1.2,0.6,0.4,0,0.2,0,0.2,0,0,0,0,0,0,0,0,0,0,0,0,0,0,0,0,0,0,0.2,0,0,0,0,0,0,0,0,0,0,0,0,0,0.2,0,NA,NA,0,0,0,0,0,0,0,0,0,0.4,0,0,0,0,0,0.2,0.4,0,0,0,0.4
2020,10,2,0,0,0,0.4,0,0,0,0,0,0,0,0,0,0,0,0,0,0,0,0,0,0,0,0,0,0,0,0,0,0,0,0,0,0,0.2,0,0,0,0,0,0,0,0,0.2,0,0,0,0,0,0,0,0,0,0,0,0,0,0,0,0,0.2,0,0,0,NA,NA,0,0,0,0,0,0,0,0,0,0,0,0,0,0,0.2,0,0,0,0,0,0
2020,10,3,19.8,19.4,21.6,8.4,20.2,13.6,5.6,24.2,12.8,7.2,5.4,6.8,8.8,15.6,12.8,10.4,6.6,20.8,17.2,16.8,20.6,25.6,8.6,21.6,29.8,7.8,8.8,8.6,19.8,29.2,4.4,12,11.2,12.4,34.4,14.6,2,12.4,14.2,14,22,6.8,15.6,13.6,10.4,2.8,24.6,6.6,27,7.6,17.6,10.4,16.4,22.6,14.2,6,30.6,16,13.8,13.2,24.8,19.8,11.4,14,NA,NA,16.6,17.6,0,10.6,35.8,18,19.2,10,14,16.4,8.8,8.8,9.4,18.8,13.8,29.8,28,24.2,17.8,16.2,8.4
2020,10,4,3.6,2,7.4,1.2,3,7,0.2,2.6,1.2,0.2,1.2,1.4,2.4,6.2,3.2,0.6,1,1.4,0.4,0.4,4.4,2.8,1.8,1.6,2.6,1.6,0.8,7.4,1.4,1.6,0,0.4,0.4,0.4,5.6,9,0.4,5,11,2.4,0.8,4,0.4,0.4,2.2,0.6,3.2,3.6,5.6,0.2,0.8,4.8,1,1.4,0.4,0.4,5.6,3.4,3.2,1.4,1.6,0.2,0.6,2,NA,NA,0.8,4.2,0,0.4,4,0.2,1.8,5.6,7.2,1.2,2.4,1.6,2.4,4.4,0.6,5.8,2.8,3.6,1.4,1.6,1.2
2020,10,5,20.4,2.4,10.4,15,17.6,18.8,18.6,21,19.4,4.4,12.4,3.2,23.8,21.2,10,1.8,11,25.4,11.2,30.2,19,18.2,14.5,14.6,19.6,3.2,13,17.6,18.6,18,0,16.4,9.4,12,11,29.2,0.4,26.2,13.4,19.8,20.4,22.6,6.6,15.6,9.4,7.2,9.2,13.6,16.8,12,13.8,20,32.2,20.4,5.4,5,24,32.4,13,10.8,22.4,25.4,14.8,12.2,NA,NA,12.2,19,0,21,33.4,9.6,38.4,13.4,26.8,37,13,13.6,28.6,4.2,15.8,25.2,25.8,7.6,8,22.4,2.6
2020,10,6,0,0,0,0.2,0.2,0.2,0.2,0.2,0,0,0.2,0.2,0.4,0,0.2,0.2,0,2.2,0,0,0,0,0,0,0,0.2,0.2,0,0,0.2,0,0,0.2,0,0,0,0.2,0,0,0.2,0,0,0,0.2,0,0,0.2,0.4,0.2,0.2,0,0,0,NA,0,0,0.2,0.2,0.2,0,0,0,0.2,0,NA,NA,0,0,0,0.2,0,0,0.2,0.2,0.2,0.2,0.2,0,0.2,0,0.2,0,0,0,0.4,0.4,0.2
2020,10,7,12,7.2,11.6,5,10.6,2.2,1.4,27,29.8,14.4,4.8,7.4,3.8,18.2,7.4,3.8,11.8,13.4,37.4,27,19.4,2,28.6,11.4,11.2,8.8,6.6,6,17.4,28.6,0,27.2,2.8,19.2,5.4,5.2,0.2,5,16.2,9.4,17,10.6,24,24.4,27.2,8.8,10.4,9,0.6,5.6,12.2,25.6,20.6,31.4,39.8,6.6,26,2,2.6,22.6,17,53.6,3.6,0.2,NA,NA,20,33.8,0,10.6,27.4,9.8,4.8,19.2,4.2,38.4,16,3.6,3.4,13.4,26.8,28.6,34.2,5.6,6,18.6,7
2020,10,8,0,0.4,0.4,0,0,0.2,0,0,0.2,0.2,0,0.2,0,0,0.2,0,0,0,0,0.2,0,0,0,0,0,0,0.2,0,0,0.2,0,0,0,0.2,0.2,0,0.2,0,0,0,0,0.2,0,0,0.2,0.2,0,2.2,0,0.2,0,0,0.2,0,0.2,0,0,0.2,0.2,0,0.2,0.2,0,0,NA,NA,0,0,0,0,0,0,0,0.2,0,0,0.4,0,0,0.2,0,0,0,0,0,0.2,0
2020,10,9,0,0,0,0,0,0,0,0,0,0,0,0,0,0,0,0,0,0,0,0,0,0,0,0,0,0,0.2,0.2,0,0.2,0,0,0,0.2,0.2,0,0,0,0,0.2,0,0,0,0,0,0,0,0,0,0,0,0,0,NA,0.2,0,0,0.2,0,0,0.2,0.2,0.2,0,NA,NA,0,0,0,0,0,0,0,0.2,0,0,0.2,0,0,0,0,0,0,0,0.2,0,0
2020,10,10,0,0.2,0.2,0,0,0,0.2,0,0,0,0,0,0,0,0,0,0,0,0,0,0,0,0,0,0,0,0,0,0,0,0,0,0,0,0.2,0,0.2,0,0,0.2,0,0,0,0,0,0,0,0.2,0.2,0,0,0,0,0,0.2,0,0,0.2,0,0,0,0.2,0,0,NA,NA,0,0.2,0,0,0,0,0,0.2,0,0,0,0,0,0,0.2,0,0,0,0,0,0
2020,10,11,1.6,0,0,0.4,2.2,1.4,2,0,0,0.2,0.2,0,1.4,0.6,2,0.8,0,0,1.4,0,1.8,3.2,0.2,0,0.2,0.4,2.2,8,0,1.4,0,3.4,0.6,0,0,0,0,0,48.8,1.2,1.2,0.6,0,0.8,1.6,0,9.2,1.4,0.8,0.8,3.8,0,0,4,0,0,10.8,0.8,6.4,0.4,2,4.8,4.6,0,NA,NA,1.6,2.4,0,2,1.2,1,1.6,2.6,0,0,3.4,0,14,0,1,4.4,0,0,0,1.2,0.2
2020,10,12,0,0,0,0,0,1.6,0,0,0.4,0,0,0,0.6,0,1.6,0,0.8,0,0,0.8,0,1,0,0.4,0.2,0,0,5.8,0,0.6,0,0.2,0,0,2.6,0,0.2,0,8,0,0,0,0,0,0.8,0,6.2,0,0.2,0,0,0.2,0,1,3,0,1,1.8,5,0.2,1.4,0.6,0.2,0,NA,NA,0,0.4,0,5.8,0,3.4,0,0.2,0,0.2,0.4,0,0.4,0,0,3.8,0,1.2,0,0,0
2020,10,13,0,0,0,0,0,0.2,0,0,0,0,0,0,0,0,0,0,0,0,0,0,0,0,0,0,0,0,0,0,0,0,0,0.6,0,0,0,0.2,0,0,0,0,0,0,0,0,0,0,0,0,0,0,0,0,0,0,0.2,0,0,0,0,0,0.2,0,0,0,NA,NA,0,0,0,0,0,0,0,0,0,0,0,0,0,0,0,0,0,0,0,0,0
2020,10,14,22.2,16.1,18.2,8.4,14.8,15.4,11.2,17,26.2,11.4,18.4,21.2,9.8,12.2,17.6,16.2,22.4,29.6,14,33.4,25,29.6,25.3,19.8,20,13.8,15.4,11.4,21.2,14.2,0.4,27.4,10.6,21.8,14.4,8.2,0.2,11.2,24,14.8,23.8,21,23.6,9.6,18.2,20.8,25.8,16.2,35,14,18.4,10.8,28.2,NA,16.6,18.6,22.8,15.4,21.4,21.2,16.8,30.2,28.8,45.6,NA,NA,13.6,9.2,0,18.6,29,15,14.4,14.4,11.4,45.6,11.2,24.8,11.2,15.6,13.8,31,36.6,12.2,11.2,21,15
2020,10,15,51.4,17.5,6,13.4,17.4,22,18.8,42,20.2,16.6,20,17.6,8,21.6,16.4,11.2,15.8,36.4,23.8,31.4,77.2,23.8,11,26,36.4,13.2,25.4,27.2,33.6,23,0,42.6,11,10,6.2,8.2,0.2,7.2,15,12.4,55.2,36,13.6,32,12.4,16.8,12.8,20.2,32.2,21.8,21,25.2,33,NA,15.2,18.6,37.2,9.8,16.4,22.4,40.4,31.2,15.2,15.8,NA,NA,62,31.2,0,15,65.4,14,10.8,22.4,12.6,30,23.8,15.4,29.4,8,40,59.6,22.4,8.2,12.6,68,14.8
2020,10,16,2,2,3.2,6.4,4.2,2.2,6.8,11.2,3,6.4,17.2,8.8,1.8,7.4,0.2,3.8,5,3,0.6,0.4,2.6,2.4,0.2,15.4,20.2,0.2,6.6,6.2,11.2,2.2,0.2,1.2,0.6,0,18.4,1.4,0.2,2.2,2.8,8.6,1.4,10.4,0.2,1.2,0.4,11.4,7.8,12.8,9.2,5.2,1.2,8,3,3.4,0.6,23.6,2.4,2.4,0.8,19.8,6.6,4.4,0.6,1,NA,NA,2,2,0,3,2.8,6.8,3.4,7.6,0.4,1.2,5.4,5.6,12.2,2.6,3,6.4,0.8,0.6,0.6,6.8,0.2
2020,10,17,0,0.6,0.6,0.6,0,0.2,0.4,0.2,0.4,0,0.2,0,0.2,0.2,0,0.4,1.8,0,0.2,0.2,0,0,0.2,0.2,0,0,0.2,0.2,0.2,0,0,0.4,0,0.4,0.2,0,0,0,0,0.8,0.2,0.2,0.2,0.2,1.6,0.2,0,0,0.2,0,0,0.2,0,0.2,0.8,0.2,0.2,0,0,0.2,0,0,0.2,0,NA,NA,0.2,2,0,0,0.2,0.4,0.2,0.2,0.2,0,0.2,0.2,0.2,0.2,0.2,0,0.2,0.2,0,0.2,0.2
2020,10,18,0,0.2,0.2,0.2,0.2,0,0.2,0,0,0.2,0,0,0,0,0.2,0.2,0,0,0.2,0.2,0.2,0,0,0,0,0.2,9.4,0,0,0,0,0,0,0,0,0,0.2,0,0,0.2,0,0.2,0,0.2,0.2,0.2,5.6,0,0.2,0,0,0,0.2,0.2,0.2,0.2,0,0.4,1.8,0,0.2,0.2,0.2,0,NA,NA,0,0.4,0,0.2,0.2,0,0.2,0,0,0.2,0,0,0.2,0.2,0,0,0,0,0,0.2,0
2020,10,19,0,0.4,0.2,0,0,0.2,0.2,0,0,0.2,0.2,0,0,0,0.2,0.2,0,0,0,0.2,0.4,0,0,0,0,0,0.4,0.2,0,0.2,0,0,0.2,0.2,0.2,0,0,0,0,0.2,0,0.2,0,0,0,0,0.2,0.2,0.2,0.2,0,0,0,0,0.2,0,0.2,0.2,0.2,0,0.2,0,0.2,0,NA,NA,0,0.4,0,0.2,0,0.2,0,0.2,0.2,0,0.2,0.2,0.2,0,0,0,0,0,0.2,0,0
2020,10,20,0,0.2,0.4,0,0,0.2,0,0,0.2,0.2,0,0.2,0,0,0.2,0.2,0.2,0,0,0.2,0,0,0,0,0,0,0.2,0,0,0,0,0.2,0,0.2,0.2,0,0,0,0,0.2,0,0,0.2,0.2,0.2,0,0,0.2,0,0,0,0,0,0,0.2,0.2,0,0.2,0,0.2,0,0.2,0.2,0.2,NA,NA,0.2,0,0,0.2,0,0,0,0.2,0,0,0.2,0,0,0.2,0.2,0,0,0,0.2,0.2,0
2020,10,21,0,0.2,0.2,0,0,0.2,0.4,0.2,0,0.2,0,0,0,0,0.2,0.4,0,0,0.2,0,0,0,0,0,0,0,0.2,0,0,0.2,0,0,0,0.2,0.2,0,0,0,0,0.2,0,0.2,0,0.2,0,0,0,0.2,0.2,0,0,0,0,0,0.2,0.2,0,0,0.2,0,0.2,0.2,0.2,0,NA,NA,0,0.2,0,0.2,0,0.2,0,0,0.2,0,0.2,0,0.2,0.2,0,0,0,0.2,0.2,0,0
2020,10,22,0,0,0,0,0,0,0,0,0,0,0,0,0,0,0,0,0,0,0,0,0,0,0,0,0,0,0.2,0,0,0.2,0,0.2,0,0,0.2,0,0,0,0,0.2,0,0.2,0,0.2,0.2,0,0,0,0.2,0.2,0,0,0,0.2,0.2,0.2,0,0.2,0,0.2,0,0.2,0.2,0.2,NA,NA,0,0,0,0,0,0,0,0.2,0,0,0,0,0,0,0.2,0,0.2,0,0,0,0
2020,10,23,0,0,0,0,0,0,0,0,0,0,0,0,0,0,0,0,0,0,0,0,0,0,0,0,0,0,0,0,0,0,0,0,0,0,0,0,0,0,0,0,0,0,0,0.2,0,0,0,0,0,0,0,0,0,0,0,0,0,0,0,0,0.2,0,0,0,NA,NA,0,0,0,0,0,0,0,0,0,0,0.2,0,0,0,0,0,0,0,0,0,0
2020,10,24,1.6,37.8,39.6,14.2,34.4,15.2,22,20.2,6.2,7.6,15.2,40.2,22.6,19.6,35.8,18.2,16.6,4.4,18,5.8,8,11.6,6.9,20.2,22.2,37.4,30,33.6,12.6,26.2,0,15.8,15,4.4,32.2,16.6,0.4,18,25.4,13,13,8,2.4,9.4,7.6,35.4,35.4,24.4,3.2,14.8,39.8,25,6.4,1.6,4,12.8,31.2,24.2,28.2,4.2,19.4,18.8,11,1.6,NA,NA,7.6,17.4,0,23.4,7.4,13.4,28.4,22,18.4,5,23.6,15.6,38.4,27.6,7,18,10,18.8,11,5,43
2020,10,25,1,0.8,0.8,0.2,0.2,0.2,0.4,1.4,1.8,4.2,0.2,0.4,0.4,0.2,0.2,0,1.2,0.2,2.4,2.6,5.6,1.8,0.6,0.4,0.2,0.2,0.2,1.2,0.4,2.8,0,6.4,0.2,0.2,2.8,0,0,0.2,0,0.2,2.6,0.4,0,1.6,0.2,1.8,0,0,0.6,0,2.8,0.2,3.6,NA,0.4,0,9,0,0,0.8,0.8,9.6,2,0.4,NA,NA,1.4,2.6,0,0,4.6,1.8,0.2,0.2,0.8,3,0.6,0.4,0.4,2,2,5,0.4,2,0.8,0.6,0
2020,10,26,2.2,2.8,5.8,2,3,5.8,1.8,1,5.8,1.6,2.6,2,1.8,1.2,3.6,2,4.4,3.6,0.6,6.2,4,5.2,3.6,1.8,1.6,2.2,2,0.8,0.8,2.4,0,2.6,0.2,2,5.6,2.8,0,2.6,3.6,4.6,4.8,0.8,2,0.2,3.8,4,2.2,1,11,3.4,8.2,0.2,5.4,1.2,1.6,2.6,2.8,3.4,4.4,3.6,2.2,3.8,16,8.6,NA,NA,1.8,0,0,3.6,3.4,2.4,1.6,1.4,3.2,7.4,0.6,2,0.8,4.4,0.2,7,11.8,3.4,1.8,1.4,2.4
2020,10,27,2.4,4.4,1,9.6,3.4,4.8,12,13.4,15,2.2,9.6,12,7.2,22.8,4.2,4,7.2,6.4,6.8,3,9.8,3.2,1.4,5.8,11,13.8,18.6,37.6,9,7,0,5.2,4.6,0.2,4,4,0.2,3,5.2,6.2,6.6,3.8,0.2,5.2,3,8.6,3.4,15.6,3.8,8,5.2,17.4,4.8,NA,1.6,17.2,7.2,6,1.4,0.2,3.6,7,3,0.2,NA,NA,3.8,7.8,0,7.2,11,6.2,9.8,21.8,2.4,2.6,25.4,5,34,3,5.2,13.2,2.4,5.4,6,6.8,12
2020,10,28,0,0.4,0.2,0,0,0.2,0.2,0,0.4,0.4,0,0.2,0,0,0.2,0,0.2,0,0.2,0,0.2,0,0.2,0,0,0.2,0.2,0.2,0,0.2,0,0.2,0,0,0.2,0,0,0,0,0.2,0.2,0.2,0,0.2,0.2,0.2,0,0.2,0.2,0.2,0,0.2,0,0,0.2,0.2,0,0.2,0.2,0.2,0.2,0.2,0.2,0,NA,NA,0,0.2,0,0.2,0,0.2,0,0,0.2,0.2,0.4,0.2,0.2,0.2,0,0.2,0,0,0.2,0.2,0.2
2020,10,29,0,0,0,0,0,0,0,0,0,0,0,0,0,0,0,0,0,0,0,0,0,0,0,0,0,0,0.2,0,0,0.2,0,0,0,0,0,0,0,0,0,0.2,0,0.2,0,0.2,0,0,0,0,0.2,0,0,0,0,0.2,0,0,0,0.2,0,0,0.2,0,0,0,NA,NA,0,0,0,0,0,0,0,0.2,0,0,0.2,0,0,0,0,0,0,0,0,0,0
2020,10,30,0,0.2,0.2,0,0.2,0.2,0.4,0.2,0,0.2,0,0,0,0,0.2,0.4,0.2,0,0.2,0.4,0.2,0,0,0,0,0.2,0.2,0.2,0,0,0,0.2,0,0.2,0.2,0,0,0.2,0,0.2,0,0.2,0,0.2,0,0,0,0,0,0,0,0,0,NA,0,0,0,0.2,0,0,0,0.2,0.2,0,NA,NA,0.2,0.2,0,0.4,0,0.2,0.2,0,0,0.2,0,0.2,0.4,0.2,0.2,0,0,0.2,0.2,0,0
2020,10,31,0,0.4,0.4,0.4,0.2,0,0.4,0,0.4,0.4,0.2,0.2,0.4,0,0,0.4,0.4,0,0,0.6,0.2,0.2,0,0,0,0.2,0.4,0,0.4,0.2,0,0,0.2,0.2,0.2,0,0,0.2,0,0.4,0.2,0.4,0.4,0.2,0.2,0,0,0.2,0.4,0,0,0,0.2,NA,0.2,0.2,0,0.2,0,0.4,0.2,0.2,0.2,0,NA,NA,0.2,0,0,0.2,0.2,0.4,0.2,0.2,0.2,0.8,0.2,0.2,0.2,0.4,0,0,0.4,0.2,0.2,0.4,0.2
2020,11,1,0,0.2,0,0.2,0,0.2,0,0,0,0,0,0,0.2,0,0,0,0.2,0,0,0,0.2,0,0,0,0,0,0,0,0,0.2,0,0.2,0,0,0,0,0,0,0,0,0,0,0,0,0,0,0,0,0,0.2,0,0,0,0,0,0,0,0,0,0,0,0.2,0,0,NA,NA,0,0.2,0,0,0,0,0,0,0,0,0.2,0,0,0.2,0.2,0.2,0,0,0,0,0
2020,11,2,0,0,0,0,0,0,0,0,0,0,0,0,0,0,0,0,0,0,0,0,0,0,0,0,0,0,0,0,0,0,0,0.2,0,0,0,0,0,0,0,0,0,0,0,0,0,0,0,0,0,0,0,0,0,0,0,0,0,0,0,0,0,0,0,0,NA,NA,0,0,0,0,0,0,0.2,0,0,0,0,0,0,0,0,0,0,0,0,0,0
2020,11,3,0,0,0,0,0.2,0,0.2,0,0,0,0,0,0.8,0,0.2,0,0,0,0,0,0,0,0,0,0,0,0,0.6,0,0,0,0,0,0,0,0.2,0.2,0,1.6,0.2,0,0,0,0,0,0,0.6,0,0,0,0,0,0,NA,0,0,0,0,0.4,0,0,0,0,0,NA,NA,0,0,0,0,0,0,0.4,0,0,0,0,0,0,0,0,0,0,0,0,0,0
2020,11,4,0,0,0,0.8,0.2,0,0.4,0.2,0,0,0,0,0.4,0.2,1,0,0,0,0,0,0,0,0,0.4,0,0,0.4,2.6,0,0,0,0,0.2,0,0,0.4,0,0.2,0.8,0.2,0,0,0,0,0,0,0.6,0.2,0,0.4,0,1,0,NA,0,0,0,0,0.2,0,0,0,0,0,NA,NA,0,0.4,0,0.2,0,0,0.6,0.2,0.2,0,0.2,0,0.4,0,0,0,0,0,0,0,0.2
2020,11,5,0,0,0,0,0,0,0,0,0,0,0,0,0,0,0,0,0,0,0,0,0,0,0,0,0,0,0,1.4,0,0,0,0,0,0,0,0,0,0,0,0,0,0,0,0,0,0,0,0,0,0,0,0,0,NA,0,0,0,0,0,0,0,0,0,0,NA,NA,0,0,0,0,0,0,0,0,0,0,0,0,0,0,0,0,0,0,0,0,0
2020,11,6,0,0,0,0,0,0,0,0,0,0,0,0,0,0,0,0,0,0,0,0,0,0,0,0,0,0,0,0,0,0,0,0,0,0,0,0,0,0,0,0,0,0,0,0,0,0,0,0,0,0,0,0,0,NA,0,0,0,0,0,0,0,0.2,0.2,0,NA,NA,0,0.2,0,0,0,0,0,0,0,0,0,0,0,0,0,0,0,0,0,0,0
2020,11,7,0,0.2,0.2,0,0,0.2,0,0,0,0,0,0,0,0,0.2,0,0,0,0.4,0.2,0.2,0,0,0,0,0,0.2,0,0,0,0,0.2,0,0,0.2,0,0,0,0,0.2,0,0,0,0.4,0,0,0,0,0,0,0,0,0.2,NA,0,0,0,0.2,0,0,0.2,0.2,0.2,0,NA,NA,0.2,0.4,0,0.2,0.2,0,0,0.2,0,0,0,0,0,0,0,0,0,0,0,0,0
2020,11,8,0,0.2,0.2,0,0,0.2,0.2,0,0,0,0,0,0,0,0.2,0.2,0,0,0,0.4,0.2,0,0,0,0,0,0.2,0.2,0.2,0.2,0,0.2,0.2,0.2,0.2,0,0,0.2,0,0,0.2,0.2,0,0.2,0,0,0,0.2,0.2,0.2,0,0.2,0,0.2,0.2,0.2,0,0.2,0,0,0.2,0,0.2,0,NA,NA,0.2,0.2,0,0.2,0.2,0.2,0,0.2,0.2,0.2,0.2,0,0.2,0,0,0.2,0,0,0.2,0.2,0
2020,11,9,0,0.4,0.4,0,0,0.2,0,0.2,0.2,0.4,0.2,0,0,0,0.2,0,0.2,0,0,0.4,0.2,0.2,0,0,0,0,0.2,0.2,0.2,0.2,0,0,0.2,0.2,0,0,0.4,0.2,0,0.2,0,0.4,0,0.2,0.2,0,0,0,0.2,0,0,0,0.2,0,0.2,0.2,0,0.2,0.2,0,0,0.2,0,0,NA,NA,0,0.2,0,0.2,0,0.2,0,0,0.4,0.2,0.2,0.4,0.2,0.2,0.2,0,0,0.4,0.2,0.2,0
2020,11,10,0,0.4,0.4,0,0.2,0.2,0.2,0,0.2,0.4,0.2,0.2,0,0,0.4,0,0,0,0,0.2,0,0,0.2,0,0,0.2,0.2,0.2,0.2,0,0,0,0.2,0.2,0.2,0,0,0.4,0,0.4,0,0.2,0,0.2,0,0,0,0.2,0.2,0.2,0.2,0,0,NA,0.2,0.2,0,0.2,0,0,0.2,0.2,0.2,0,NA,NA,0.2,0.2,0,0.2,0,0,0,0.2,0.2,0,0,0.2,0,0,0.2,0,0,0.2,0.4,0.2,0
2020,11,11,0,0.4,0.2,0,0,0.2,0.2,0,0.2,0.2,0,0,0,0,0.2,0,0,0,0,0.4,0,0,0,0,0,0,0,0,0.2,0.2,0,0.2,0.2,0.2,0,0,0,0.2,0,0.2,0,0.4,0.2,0,0.2,0,0,0,0.2,0,0,0,0,NA,0.2,0.2,0,0,0,0.2,0,0.2,0.2,0.2,NA,NA,0,0,0,0,0,0,0,0,0.4,0,0.2,0,0,0.2,0,0,0,0.2,0.2,0,0
2020,11,12,0,0,0.4,0.6,0.4,0.2,0.4,0,0,0,0,0,2.6,1.8,0,0,0,0,0,0,0,0,0,0,0,0,0.2,1.2,0,0,0,0,0.8,0,1.2,1,0,0.2,2.8,1.4,0,0,0,0.2,0,0,0.6,0,0,1,0,1.4,0,0,0,0,0,1,0.2,0,0.2,0,0,0,NA,NA,0,0,0,5.2,0,0.2,0.6,0.8,0.2,0,0.6,0,1,0,0.2,0,0.2,0.6,0,0,0
2020,11,13,0,0.4,0.2,0.2,0,0.2,0,0,0.2,0.2,0.2,0,0,0.2,0.2,0,0.2,0,0,0.2,0,0,0.2,0,0,0,0.2,0.2,0.2,0,0,0.2,0.2,0.2,0.2,0,0.4,0,0,0.2,0,0.2,0.2,0,0.2,0,0.2,0,0,0,0,0.2,0.2,0,0,0.2,0,0.2,0.2,0.6,0,0.2,0.2,0,NA,NA,0,0.2,0,0.2,0,0.6,0.2,0,0.4,0.2,0,0.4,0.4,0.4,0,0,0.2,0.4,0.2,0.2,0.2
2020,11,14,0,3.6,1.4,1.4,1,1.6,0.6,0,0,4.6,0,0.4,0.8,0.4,0.6,0,0.6,0.2,0.2,0.2,0,0,0,0.2,0,0.6,1.2,0.8,0,0,0,0,0.6,0.2,0.6,1.2,0.6,1.4,3.2,1.6,0,0.2,0.2,0.2,1,0.6,4,0.4,0,1.6,0,0.8,0,NA,1,0.4,0,1.4,1,3.2,0,0,0.2,0,NA,NA,0,1.2,0,1,0,1.8,1.2,0.4,0.6,0,0.8,0.6,1.2,1.2,0,0,0,0.6,0.2,0,1
2020,11,15,0,0.2,0.6,0.2,0.2,0.2,0,0,0.2,0,0,0,0,0,0,0,0.2,0,0.2,0.2,0.2,0,0,0,0,0,0,0.8,0,0.2,0,0,0,0,0.6,0,0,0,0,0,0,0,0.2,0,0.2,0,0,0,0,0,0,0,0,0,0,0,0,0,0.2,0.2,0.2,0,0,0,NA,NA,0,0,0,0,0,0.2,0.2,0,0,0,0.6,0,1.4,1,0,0.2,0,0,0,0,0
2020,11,16,35.4,19.9,14,11.2,20.8,15.8,14.2,18.2,27.6,25,21,20.2,25.6,16.6,27.2,0,44.6,22.6,20.4,24.6,25.6,33.6,29.2,31.8,35.4,16.2,14.8,28.6,26,31.2,0,30.8,10.4,25.2,13.8,14.8,4.4,6.2,32.8,14.8,22.6,25.8,35.2,22,41.2,35.6,47.6,19.2,46.2,9,33,22,30,36.4,47.4,19.6,42,15.4,29.6,28.8,31.2,52,58.8,29,NA,NA,21.8,31.6,0,9,37.4,31.6,22.8,22.2,6.4,38,21.8,27.6,16.6,15.8,21,34.2,38.4,11.8,12,22.2,17.6
2020,11,17,0,0,0,0,0,0.2,0,0,0.2,0,0,0,0.4,0,0,0,0.2,0,0,0.2,0,0.2,0.2,0.2,0,0.2,0,7.2,0,0,0,0,0,0,0,0,0,0,5.6,0,0,0,0,0.2,0,0,0,0,0.2,0,0,2.2,0,NA,0,0.2,0.2,0,0,0,0,0.2,0,0,NA,NA,0,1,0,0,0,0.2,0.2,0,0,0.2,0,0,0.2,0,0,0,0.2,0,0.2,0,0
2020,11,18,0,0,0,0,0,0,0,0,0,0,0,0,0,0,0,0,0,0,0,0,0,0,0,0,0,0,0,0,0,0,0.2,0,0,0,0,0,0,0,0,0,0,0,0,0,0,0.2,0,0,0,0,0,0,0,NA,0,0,0,0,0,0,0,0,0,0,NA,NA,0,0.2,0,0,0,0,0,0,0,0,0,0,0,0,0.2,0,0,0,0.2,0,0
2020,11,19,0,0.2,0,0,0,0,0,0.2,0,0,0,0,0,0,0,0,0,0,0.2,0.2,0.2,0,0,0,0,0,0,0.2,0,0,0,0.2,0,0.2,0.2,0,0.2,0,0,0,0.2,0.2,0,0.4,0.2,0,0,0,0,0,0.2,0.2,0.2,0,0.2,0,0,0,0.2,0,0.2,0.2,0.2,0,NA,NA,0,0.4,0,0,0,0,0,0.2,0,0,0,0,0,0,0.2,0,0,0,0,0,0
2020,11,20,10.2,19,16.2,2,0.6,0.8,8.2,10.4,5.6,9.6,6.8,3,6,1.4,2.4,8.4,9,8.2,2.6,5.8,4.4,11.2,16.4,0.2,0.2,0.8,7,41.2,2.4,3,0.2,4.4,8.4,14.6,11.4,0.2,0.6,5.4,23.6,1,2,2.2,13,2.8,11.4,8.4,3,4.2,13.6,2.2,8,25.6,10.6,1,18.2,5,2.4,0.2,0,23.6,0.8,NA,12.4,18,NA,NA,1.6,19.8,0,3.6,6.2,15.4,3,4,2.8,12.2,9.6,6,24.6,18.4,2,6.6,14.8,7,8.2,3,1
2020,11,21,0,0,0,1.4,0,0,4.2,0,0,0,0,0.4,0,1.4,0,0,0,0,0.2,0,0,0,0,0,0,0.4,2.6,2.2,0,0,0,0,0.4,0,0,0,0,0.4,0,1,0,0,0,0.4,0,0,0,1.4,0,1.6,0,3.6,0,NA,0,0,0,0,0,0,0.6,NA,0,0,NA,NA,0,0,0,0.8,0,0,0,1.2,0.2,0,2,0,4.2,0,0.2,0,0,0,0.6,0,0.4
2020,11,22,0,0,0,0,0,0,0,0,0,0,0,0,0,0,0,0,0,0,0,0,0,0,0,0,0,0,0,0,0,0,0,0,0,0,0,0,0,0,0,0,0,0,0,0,0,0,0,0,0,0,0,0,0,NA,0,0,0,0,0,0,0,NA,0,0,NA,NA,0,0,0,0,0,0,0,0,0,0,0,0,0,0,0,0,0,0,0,0,0
2020,11,23,0,0,0,0,0,0,0,0,0,0,0,0,0,0,0,0,0,0,0,0,0,0,0,0,0,0,0.2,0,0,0,0,0,0,0,0.2,0,0,0,0,0,0,0,0,0,0,0,0,0,0,0,0,0,0,NA,0,0,0,0,0,0,0,NA,0.2,0,NA,NA,0,0,0,0,0,0,0,0,0,0,0,0,0,0,0,0,0,0,0,0,0
2020,11,24,0,0,0,0,0,0,0,0,0,0,0,0,0,0,0,0,0,0,0,0,0,0,0,0,0,0,0,0,0,0,0,0.2,0,0.2,0.2,0,0,0,0,0,0,0.2,0,0.2,0,0,0,0,0,0,0,0,0,NA,0,0,0,0,0,0,0.2,NA,0,0,NA,NA,0,0.2,0,0,0,0,0,0,0,0,0,0,0,0,0,0,0,0,0,0,0
2020,11,25,0,0.2,0.2,0,0,0,0,0,0,0,0,0,0,0,0.2,0,0,0,0.2,0,0,0,0,0,0,0,0,0,0,0.2,0,0,0,0,0,0,0,0,0,0.2,0,0,0,0.2,0,0,0,0,0,0,0,0,0,NA,0,0,0,0.2,0,0,0,NA,0.2,0,NA,NA,0,0.4,0,0,0,0,0,0,0.2,0,0,0,0,0,0.2,0,0,0.2,0,0,0
2020,11,26,0,0.2,0.4,0,0,0.2,0,0,0,0.2,0,0,0,0,0.2,0.2,0,0,0,0.2,0,0.2,0,0,0,0,0.4,0,0,0,0,0,0.2,0,0.2,0,0,0.2,0,0.2,0,0.4,0,0.2,0,0,0,0,0,0.2,0,0,0,NA,0.2,0.2,0,0,0.2,0,0.2,NA,0.2,0,NA,NA,0,0.2,0,0.2,0.2,0.2,0,0.2,0.2,0.2,0.2,0.2,0,0.2,0,0,0,0,0.4,0.2,0
2020,11,27,0,0.4,0.2,0,0,0.2,0,0,0.2,0.4,0.2,0,0,0,0,0.2,0,0,0,0.4,0.2,0,0,0,0,0,0,0,0.4,0.2,0,0.2,0.2,0.2,0.2,0,0,0.2,0,0,0,0.2,0,0,0,0,0,0.2,0.2,0,0,0,0.2,NA,0,0.2,0,0,0,0,0.2,NA,0,0,NA,NA,0.2,0.2,0,0,0,0.2,0,0,0.2,0,0,0.2,0,0,0.2,0,0,0.2,0,0.2,0
2020,11,28,0,0,0,0,0,0,0.2,0,0,0,0,0,0,0,0,0,0,0,0,0.2,0,0,0,0,0,0,0,0,0,0.2,0,0.2,0,0,0,0,0,0,0,0,0,0,0,0,0.2,0,0,0,0,0,0,0,0,NA,0,0,0,0,0,0,0,NA,0.2,0,NA,NA,0,0.2,0,0,0,0,0,0.2,0,0,0.2,0,0,0,0,0,0,0,0,0,0
2020,11,29,0,0,0,0,0,0,0.2,0.6,0,0,0,0,0.2,0,0,0,0,0,0,0,0,0,0,0,0,0,0,1,0,0,0.2,0,0,0,0,0,0,0,0.2,0,0,0,0,0,0,0,0,0,0,0,0,1.6,0,NA,0,0,0,0,0,0,0.2,NA,0,0,NA,NA,0.2,1.6,0,0,0,0,0.2,0,0,0,0.6,0,0,0,0.2,0,0,0,0,0,0
2020,11,30,0,0,0,0,0,0,0,0,0,0,0,0,0,0,0,0,0,0,0.2,0,0,0,0,0,0,0,0,0,0,0,0,0,0,0,0.2,0,0,0,0,0,0,0,0,0.2,0,0,0,0,0,0,0,0,0.2,NA,0,0,0,0,0,0,0,NA,0,0,NA,NA,0,0,0,0,0,0,0,0,0,0,0,0,0,0,0.2,0,0.2,0,0,0,0
2020,12,1,4,4,7.2,4.4,7.6,9.8,5,3.6,6.6,3.2,6.2,6.6,6.2,5.6,7.4,3.4,5,4.2,1.4,5,4.4,6,5.6,4,6,5.6,6.4,0.6,2.6,6.2,0,6,4.2,7.2,4.4,1.6,3,4.8,2.6,9,4.6,2.4,8.6,0.8,5,3,5.8,5.6,8.4,9,2.6,3.2,5,NA,5.6,4.6,6,8.2,9.2,5.4,5,NA,6.2,8.2,NA,NA,3,1.8,0,9.6,6.6,3.2,6.8,5.2,4.2,9.4,6.4,5.8,6.8,3.6,1,13,10.6,3.6,4.6,3.8,6.4
2020,12,2,11.2,13.6,13.4,13.8,14.4,15.6,19.8,24.8,30.4,21.2,23,23.8,17.8,20.8,13,19.8,26.2,29,15.6,34.4,23.8,19.8,26.8,39.2,26.8,21.8,25.6,1,24,20.8,0,26,14,18,13,9.4,14,14.4,13.8,22.8,29.6,23.2,18.6,11,13.6,27.2,15.2,24.8,33.4,21.8,19.6,23.4,29,NA,15,26.2,25.2,15.2,12.4,16.4,20.2,NA,18.6,29.8,NA,NA,24,6.6,0,24.4,30,17.8,20,21.4,15.2,35,17.8,21.6,18.2,16.6,17.6,29,30.8,14.4,13.2,25.6,24.2
2020,12,3,2,0.4,0.2,1.4,1.6,0.4,1.6,0,0.2,1.6,0.8,1.4,1.4,0.8,1.2,0.4,1.2,0.2,0,1.4,0.4,2,0.4,0,0,0.8,1.6,0.4,0,0.2,0.2,0.4,3.4,0.4,1,0,1.2,1,0.4,1,0.2,0,0.4,0,0.8,0.8,0.4,0.6,2.4,2.6,1.6,0.6,0.6,NA,1.6,0.4,0.4,0.6,0.6,0.6,0.2,NA,1.2,0,NA,NA,0.2,0.2,3.6,0.8,0.4,2,1.6,0.8,0.2,0.2,0.6,0.2,0.6,0.4,0,1.4,0.6,6.2,1.8,0.2,1.4
2020,12,4,0,5.2,7.8,0,3.4,2,1.4,0.2,0.8,4.4,0.4,1.6,1,0.4,3.8,3.4,5.8,0.4,0.4,0.6,0.6,0.8,3.4,0,0,2,2,0.2,0.2,0,0,0.6,1.2,3.2,5.4,0,1.8,0.8,2.4,1.4,0.4,0.4,4.8,0.2,4.2,1.2,2.4,0.6,4,2,0.2,0.2,1,NA,1.4,2.8,0.6,2.8,2,3.6,0,0.6,0.6,5.6,NA,NA,0.2,0.2,1,3,0.4,2.6,1.8,0.6,2,2.2,0,0.2,0,6,0.4,0.8,2.4,3.4,1,0.2,2.2
2020,12,5,0.2,19,19.2,3.4,12,17.6,2.2,0,7.2,7.4,1.4,4,3.4,0.8,16.8,3.2,10.8,0.8,0.6,1.8,0.4,1.4,16.9,0,0,5.8,2.2,0,0,0.6,0,2.2,9.2,22.6,24.8,12.2,11,12.6,44,6,0.4,0.2,39,0,28.6,5,27.4,1.4,7.4,8.4,1,0,2.8,NA,19.6,3.4,0.8,8.6,17.8,30.2,0.2,2.8,1,13,NA,NA,0,0.6,0,10.2,1,15.6,4.6,1,13.6,6,1.4,0.2,1.8,24.4,1.2,1,8.6,17.4,12.6,0.2,6.6
2020,12,6,19,31.8,23.4,26.8,27.6,32,32.4,6.6,43.4,30.8,30.4,36.4,27.2,26,30.2,28.2,44.2,47.6,34.6,30.4,29.4,35.6,38,28.6,41,36.8,42.2,2.6,23.8,36.6,0,45,30.2,30.8,26.8,29.8,29,25.4,31.4,38.2,47.6,22.4,32.2,28.8,29,43,31.2,31.8,37.4,40.2,28.2,26.6,34.4,NA,31.6,42.6,44.2,29.4,27.8,37.6,34.4,56.8,39.8,41,NA,NA,30.2,32.8,0,40.6,37,31.6,31.4,34.2,24,35,24.6,30.8,28.8,30.2,40,49.6,50.4,25,31.4,26.2,36.4
2020,12,7,2.4,9.2,4.2,1.2,1.6,4.2,4,11.4,6,4,12.6,3.8,0.8,7,0.6,6.6,10.8,6.8,2.8,2.4,1.8,0.6,10.1,7.4,13,5.2,4.2,0.2,8.4,3.2,0,8.8,1.2,10.8,2.6,1.2,5,1.8,0,1.2,0.6,7,8.4,3.2,4.4,12.4,1.2,4.6,3.6,1.4,2.6,9.2,2.4,NA,1.8,8.4,4.4,2,1,12,0.4,11,17.8,2.2,NA,NA,0.6,1.2,9.8,1.2,4,3.2,1.4,4.4,2.4,2.8,6,9.2,5.6,6.2,5.2,2.6,4.4,1.2,0.8,3.6,5.2
2020,12,8,49.2,15.8,19.8,19.4,23.4,29,37.8,43.8,54,31.6,46,41.2,22.8,35.6,20.2,26.4,51.2,64.6,25.6,61.4,51.6,64.8,44,42.2,50.4,40,44.2,2.4,49.4,26.2,0,66.6,23.6,33.8,18.8,16.6,11.6,16.8,19.6,26.2,53.4,49,35.6,14,24.8,56.6,19,41.6,74.2,35.2,40.6,34.4,54.6,NA,30.4,47.2,42.8,23.4,19.4,29.6,30.4,74,57.2,70,NA,NA,32.2,17.6,0,36.8,69.8,30,21.2,40.8,13.4,77.6,34.4,45.4,31.4,16.4,33.2,106.2,79.8,14.4,18.6,47,43.6
2020,12,9,4.8,6.8,11.4,6.4,8.4,7.2,9.4,8.6,8.2,6.8,4.6,7.2,6,10.6,9.4,5.6,12.8,8.4,7.2,5.8,4.8,3.8,14,6,7.6,7.2,13,1,3.2,5.8,0,9.2,9.6,9.8,9.4,7.8,11,6.4,15.8,5.8,11,4,10.4,6.4,10.6,6.4,14.8,9.4,7.2,6.4,5.4,10.8,8.4,NA,8.4,4.8,7.6,6.4,10.8,12.6,10,8.2,7.8,11.4,NA,NA,6.2,3.8,0,5,13.6,12.4,8,9.4,7.6,8.2,10.4,3,13.8,10.2,5.4,10.8,18.6,8.8,5.8,3,8.4
2020,12,10,1.2,11.2,4.4,5,4.2,4.6,4.8,2.2,0.4,5.4,2.6,5,6.4,2.4,2.8,4.6,1.8,0,0.6,0.4,0.6,0.8,2,1.8,2.8,5,8.6,0.6,0.2,1,0,3.8,3.8,2.6,9,7.4,8.6,6,5,7,0,0.2,3.6,0.6,18.4,1,8.8,4.4,1.8,4.6,1.6,2.8,0.6,NA,9.8,2.8,5.2,8.4,3.2,17.6,1.4,6.2,5.2,0.8,NA,NA,0,1,0,3.4,1.6,7,9,3.6,8,0.8,5.2,1.2,5.4,6.2,1.4,3.6,0.8,6.8,5,0,4.8
2020,12,11,0,0.2,0,0,0.2,0.2,0.4,0,0,0.2,0,0.2,0,0,0.2,0,0,0,0.2,0,0,0,0,0,0,0,0.2,0,0,0,1,0,0,0,0,0,0.2,0,0,0.2,0.2,0.2,0,0,0.2,0,0,0.2,0,0,0,0,0,NA,0.2,0,0,0.2,0.2,0.2,0,0,0,0,NA,NA,0.2,0.4,0,0.2,0.2,0.2,0.2,0.2,0,0.2,0.2,0,0,0,0,0,0,0.2,0.6,0.2,0.2
2020,12,12,0,0,0.2,0,0,0,0,0,0.2,0,0.2,0,0,0,0,0.2,0,0,0,0,0.2,0.2,0,0,0,0.2,0,0.2,0.2,0,0,0.2,0.2,0,0,0,0,0,0,0.2,0,0.2,0,0.4,0,0,0,0,0,0,0,0.2,0,NA,0,0.2,0,0,0,0,0.2,0,0,0,NA,NA,0.2,0.2,0,0,0,0,0,0.2,0.2,0,0,0,0.2,0,0.2,0,0,0.2,0.2,0.2,0
2020,12,13,0,0.2,0.2,0,0,0.2,0,0,0,0.4,0,0,0,0,0,0,0,0,0.2,0.2,0.2,0.2,0,0,0,0,0.2,0,0.2,0,0.2,0,0,0.2,0,0,0,0,0,0,0.2,0.2,0,0.2,0,0,0,0,0.2,0.2,0,0,0.2,NA,0.2,0,0,0.2,0,0,0.2,0.4,0.2,0.2,NA,NA,0.2,0.2,0,0.2,0,0,0,0,0,0.2,0,0.2,0,0,0,0,0.2,0,0,0.2,0
2020,12,14,0,0.2,0.2,0,0,0,0,0,0,0,0,0.2,0,0,0.2,0,0,0,0,0,0,0,0,0,0,0,0,0,0,0,0,0,0,0.2,0.2,0,0,0,0,0.2,0,0.2,0,0.2,0.2,0.2,0,0.2,0,0.2,0,0,0,NA,0.2,0,0,0.2,0.2,0,0.2,0.2,0,0,NA,NA,0,0,0,0,0,0,0,0.2,0,0,0.2,0,0,0,0.2,0,0,0.4,0.2,0,0
2020,12,15,0,0.2,0.2,0,0.2,0,0,0,0,0,0.2,0,0,0,0,0,0,0,0,0.2,0,0.2,0,0,0,0,0,0,0,0.2,0,0.2,0,0,0.4,0,0,0,0,0.2,0,0.2,0,0,0,0,0,0,0,0,0,0,0,NA,0,0.2,0,0.2,0,0,0,0.2,0,0,NA,NA,0.2,0,0,0,0,0,0,0,0.2,0,0,0,0,0,0.2,0,0,0,0.2,0.2,0
2020,12,16,0,0,0,0,0,0.2,0,0,0,0,0,0,0,0,0,0,0,0,0,0,0,0,0,0,0,0,0,0,0.2,0,0,0,0,0,0,0,0,0,0.6,0,0,0,0,0,0,0,0,0,0,0,0,0,0.2,NA,0.2,0,0,0,0.2,0,0.2,0,0.2,0,NA,NA,0,0,0,0,0,0.2,0,0,0,0,0,0,0,0,0,0,0,0.2,0,0,0
2020,12,17,0,0.2,0.4,0,0,0,0.2,0,0,0.2,0,0,0,0,0.2,0.2,0,0,0,0,0,0.2,0,0,0,0,0.2,0,0,0.2,0,0.2,0.2,0.2,0.2,0,0,0,0,0.2,0,0.2,0,0,0.2,0,0,0,0,0.2,0.2,0,0,0,0.2,0.2,0,0.2,0,0,0,NA,0.2,0.2,NA,NA,0.2,0,0,0,0,0.2,0,0.2,0.2,0,0.2,0.2,0,0.2,0.2,0,0,0.2,0.2,0.2,0
2020,12,18,0,0.2,0.2,0,0,0.2,0,0,0.2,0.4,0.2,0,0,0,0,0.4,0,0,0,0.2,0.2,0,0,0,0,0,0.2,0,0.4,0.2,0,0,0.4,0.2,0.2,0,0,0.2,0,0.2,0,0.4,0,0.2,0.2,0.2,0,0.2,0.2,0,0,0,0.2,0,0.2,0.2,0,0,0,NA,NA,NA,NA,NA,NA,NA,0,NA,NA,0.4,0,0.2,0,0,0,0,0.2,0.4,0.2,0,0,0,0,0,0.2,0,0
2020,12,19,0,0.2,0.2,0,0.2,0,0.2,0,0.2,0.2,0.4,0.2,0,0,0.4,0.2,0,0,0,0.4,0,0.2,0,0,0,0,0,0,0.2,0.2,0,0.2,0,0.2,0,0,0,0.2,0,0.2,0,0.2,0.2,0.2,0,0,0.2,0.2,0,0.2,0,0,0,0,0,0.2,0,0.2,0.2,NA,NA,NA,NA,NA,NA,NA,0.2,NA,NA,0.2,0,0,0,0.2,0.2,0,0.2,0,0,0.2,0.2,0,0,0.2,0.2,0.2,0.2
2020,12,20,0,0.2,0,0,0.2,0,0,0,0.2,0.4,0,0,0,0,0,0,0,0,0,0.2,0,0.2,0.2,0,0,0.2,0,0,0.2,0.2,0,0,0.2,0,0,0,0,0,0,0,0,0.4,0,0,0,0.2,0,0,0,0,0,0,0.2,0,0.2,0.2,0,0.2,0.2,NA,NA,NA,NA,NA,NA,NA,0.2,NA,NA,0,0,0,0,0,0,0,0,0.2,0,0,0,0,0,0,0,0,0
2020,12,21,0,0.4,0.2,0,0,0.2,0,0,0.2,0.4,0.2,0.2,0,0,0.2,0.4,0,0,0,0.2,0,0.2,0,0,0,0,0,0,0.2,0.2,0,0,0.2,0.2,0.2,0,0,0,0,0.2,0,0.2,0,0.2,0.2,0,0,0.2,0,0.2,0.2,0,0.2,0.2,0.2,0.2,0,0.2,0.2,NA,NA,NA,NA,NA,NA,NA,0.2,NA,NA,0,0,0,0,0.2,0.2,0,0,0.2,0,0,0.2,0,0,0.2,0.2,0.2,0
2020,12,22,0,0,0,0,0.8,0.8,0.2,1.2,0,0,0.8,1,0.6,0.8,0.6,0,0,0.4,0.2,0,0,0,0,3.4,0.8,0.8,0.4,0,1.4,0.2,0,0,0.2,0,0,2,0.6,1.2,0,0.2,0,1.2,0,0,0,0.4,0.4,0.8,0,0.2,0,0.6,0,0,0,0.6,0,0.4,0.6,NA,NA,NA,NA,NA,NA,NA,0,NA,NA,0.8,0.2,0,1.2,0.4,1,0,0.6,0.6,0.6,0,0,0,0,0.2,0.6,0,0.8
2020,12,23,0,0,0,0,0,0,0,0,0,0,0,0,0,0,0.2,0,0,0,0,0,0,0,0,0,0,0,0,0,0,0,0,0,0,0,0,0,0,0,0,0,0,0,0,0,0,0,2,0,0,0,0,0,0,0,0,0,0,0,0,NA,NA,NA,NA,NA,NA,NA,0,NA,NA,0,0,0,0,0,0,0,0,0,0,0,0,0,0,0,0,0,0
2020,12,24,2.4,1.2,0.8,1,2.2,2,3.2,5.4,0,1.4,0.2,9,5.4,2.6,0,0,0.6,0.6,0.2,0.2,1.4,2,0,0.8,6.6,12.8,18.2,1.4,0,2,0,1.4,6.8,0,14.8,1.2,0,0.6,0,0.4,0.8,0,0.8,0.6,1.4,0.4,2,0.6,9.2,2.8,0.6,0.8,1.2,0.6,0.2,1,11.4,0.4,0,NA,NA,NA,NA,NA,NA,NA,1.4,NA,NA,13,5.6,4.4,5.4,8.2,0,1,19.2,0.2,21.6,2.6,0,11.6,0.4,5.6,5.6,0.8,10.4
2020,12,25,0,2.8,2.2,0.6,1,4.2,4.2,18.6,7.8,18,14,18,12.2,39.2,2.8,11.2,21.8,9,2.2,1.8,3.6,1,2.2,33.6,57,19,9.4,0.8,23.8,5,0,2.8,3,3.4,27.6,3.6,1.6,4,3.6,4.2,1,15.8,6,1.6,15.6,22.8,6.4,21.8,1.2,1.4,0.8,23.6,2.6,3.8,23,17,7,3.6,2.6,NA,NA,NA,NA,NA,NA,NA,1.6,NA,NA,4.6,5.2,30.2,19.4,36.2,3.4,1,12.8,13.8,6.6,4.2,2.8,4.8,3,1.8,2.4,0.6,17.8
2020,12,26,3,9.2,11.8,3,3.6,1.4,10.4,15.4,2.8,6.8,2,4.4,9.8,8,8,4.4,5.8,3.6,2.8,3.6,5.2,2.2,2.2,4,2.2,3,2.8,0,2,4.4,0,4.2,1.4,1.4,7.2,0.2,1.2,4.8,23.6,3,3.8,1.8,2.2,6.6,6.2,4.6,5,7.6,1.8,1.8,2.4,26.8,3.6,4.4,5.4,2.8,6,2.2,2.8,NA,NA,NA,NA,NA,NA,NA,2,NA,NA,4.2,5.6,7.6,5.6,10,0.8,4,15.4,0.8,10,7.4,4.4,6.4,6.4,2,1.6,4.8,3.4
2020,12,27,0,0,0,0.2,0,0,0.4,0.8,0.2,0.4,0,0,0.4,0.6,0,0,0.6,0.4,0.4,0,1.2,0,0,0,0,0,0.2,0,0,0,2.2,0,0,0,0,0,0,0.8,0,0,0.4,0,0,0.8,0,0.6,0,0,0,0.8,0,4,0.8,1.8,0,0,0.8,0,0,NA,NA,NA,NA,NA,NA,NA,0,NA,NA,0.2,1.2,0.4,0.2,0.2,0,0,0.8,0,1.4,0,0.4,0.8,0.2,0,0,0.6,0
2020,12,28,28.8,24,21,15,32.6,43.2,38.6,36.6,17.2,18.4,23,21.8,22.2,25.8,34.6,19.6,20.6,29,20,23,46.2,24.4,13,14.6,25.2,21.4,39.6,3.6,18,31,0,32.6,18.4,17.2,22.6,17.6,16,18.8,22,28.8,42.2,18.2,24.4,27,28.2,12,16.2,18.2,37.4,31.2,24.8,25.6,25.8,41,12.8,12.6,25,35.6,27.8,NA,NA,NA,NA,NA,NA,NA,26.4,NA,NA,28.6,31.8,19.6,28.2,24.6,21,26,26.6,17.8,36.8,27.8,32.4,45.2,18.4,19.4,23,28.6,22.4
2020,12,29,7.8,5.2,7,7.4,9.4,6.6,22.6,16.4,9.4,12.4,14,10.6,7,14.8,19,9,21.4,21,9.2,11.8,12.4,7.8,14,7.2,27.6,9.4,14.6,0.8,13,11,0,11,8.8,20.8,7,1,3.2,2.6,13.4,8.4,12.4,13,26.4,10.4,13.4,13.2,26.4,14.2,18.2,9.6,8.4,16.6,12.4,15.6,11.8,13.4,10.6,5.8,17.4,NA,NA,NA,NA,NA,NA,NA,8,NA,NA,13.2,28.2,15.2,8.8,17.4,2.2,10.8,13,11.6,11,10.6,12.2,13.2,15.8,2.6,2.4,13,9.8
2020,12,30,6.4,20.2,19,14.6,12.4,8.2,14,20,18.6,19.4,17.6,21.8,7,15.8,11.2,22.4,12.8,22.4,12.4,20.2,10.6,8.8,17.8,17,25,22,18.6,0.4,25.2,21.6,0,15.2,18.2,14.2,17.4,6.2,11,10.4,6.4,12.6,14.4,18.6,13.6,15.4,17,19.8,13.4,17.2,7.4,16.6,11.6,14.8,25.6,12,22.4,17.6,21.8,11.8,10.2,NA,NA,NA,NA,NA,NA,NA,11.4,NA,NA,20,39.4,17.8,7.6,16,10.8,14.6,13,17.6,19.4,21.4,16.4,14.6,22.2,16.4,17.4,15.8,19.2
2020,12,31,0,0.2,0,0,0,0.2,0,0.2,0.2,0.2,0.2,0,0.2,1,0.2,0,0.2,0.2,9.6,0,0.6,1.8,0,0,0,0.2,0,0,0,1.8,0,4.8,0,0,0,0.2,0.2,0,0.4,0,1,0,0.2,1.6,0,0,1,0,0.2,0,0.6,0.2,0,5.8,0,0,2.8,0,0,NA,NA,NA,NA,NA,NA,NA,0.4,NA,NA,0.2,0.6,0.2,0,0,0.2,0.2,0,0,0,0.4,2.6,3.4,0.2,0,0.2,0,0.2
